reaction class,projectId,predictionId,reaction,product,confidence,success
substitution,5ee6d50a3b3e860001c8a8e4,5ee6d5103b3e860001c8a8e9,CC(=O)[O-].CCC(Cl)CC>>CCC(CC)OC(C)=O,CCC(CC)OC(C)=O,0.875756,Y
substitution,5ee6d50a3b3e860001c8a8e4,5ee6d5103b3e860001c8a8e9,CC(=O)[O-].CCC(Cl)CC>>CCC(CC)OC(C)=O,C=C(CC)OC(C)=O,0.0189887,N
substitution,5ee6d50a3b3e860001c8a8e4,5ee6d5103b3e860001c8a8e9,CC(=O)[O-].CCC(Cl)CC>>CCC(CC)OC(C)=O,CC=C(CC)OC(C)=O,0.00415608,N
substitution,5ee6d50a3b3e860001c8a8e4,5ee6d5103b3e860001c8a8e9,CC(=O)[O-].CCC(Cl)CC>>CCC(CC)OC(C)=O,CCC(CC)OC(C)=O,0.00144463,Y
substitution,5ee6d50a3b3e860001c8a8e4,5ee6d5103b3e860001c8a8e9,CC(=O)[O-].CCC(Cl)CC>>CCC(CC)OC(C)=O,CCC(CC)OC(C)=O,0.0000730623,Y
substitution,5ee6d50a3b3e860001c8a8e4,5ee6d55e3b3e860001c8a90c,CCCCCI.[C-]#N.[Na+]>>CCCCCC#N,CCCCCC#N,0.995095,Y
substitution,5ee6d50a3b3e860001c8a8e4,5ee6d55e3b3e860001c8a90c,CCCCCI.[C-]#N.[Na+]>>CCCCCC#N,CCCCCCC#N,0.000331242,N
substitution,5ee6d50a3b3e860001c8a8e4,5ee6d55e3b3e860001c8a90c,CCCCCI.[C-]#N.[Na+]>>CCCCCC#N,CCCCCN,0.000203569,N
substitution,5ee6d50a3b3e860001c8a8e4,5ee6d55e3b3e860001c8a90c,CCCCCI.[C-]#N.[Na+]>>CCCCCC#N,CCCCCC#N,0.00013486,Y
substitution,5ee6d50a3b3e860001c8a8e4,5ee6d55e3b3e860001c8a90c,CCCCCI.[C-]#N.[Na+]>>CCCCCC#N,CCCCCC#N,0.000132382,Y
substitution,5ee6d50a3b3e860001c8a8e4,5ee6d5a63b3e860001c8a935,CCC1(I)CCCCC1.O>>CCC1(O)CCCCC1,CCC1(O)CCCCC1,0.996105,Y
substitution,5ee6d50a3b3e860001c8a8e4,5ee6d5a63b3e860001c8a935,CCC1(I)CCCCC1.O>>CCC1(O)CCCCC1,CCC1(I)CCCCC1,0.00176754,N
substitution,5ee6d50a3b3e860001c8a8e4,5ee6d5a63b3e860001c8a935,CCC1(I)CCCCC1.O>>CCC1(O)CCCCC1,CCC1(O)C=CCCC1,0.000264743,N
substitution,5ee6d50a3b3e860001c8a8e4,5ee6d5a63b3e860001c8a935,CCC1(I)CCCCC1.O>>CCC1(O)CCCCC1,CCC1CCCCC1,0.000104403,N
substitution,5ee6d50a3b3e860001c8a8e4,5ee6d5a63b3e860001c8a935,CCC1(I)CCCCC1.O>>CCC1(O)CCCCC1,CCC1(O)CCCC1,0.0000889915,N
substitution,5ee6d50a3b3e860001c8a8e4,5ee6d5f03b3e860001c8a96b,CC1(Cl)CCCC1.CCO>>CCOC1(C)CCCC1,CCOC1(C)CCCC1,0.645219,Y
substitution,5ee6d50a3b3e860001c8a8e4,5ee6d5f03b3e860001c8a96b,CC1(Cl)CCCC1.CCO>>CCOC1(C)CCCC1,CC1(Cl)CCCC1,0.0720891,N
substitution,5ee6d50a3b3e860001c8a8e4,5ee6d5f03b3e860001c8a96b,CC1(Cl)CCCC1.CCO>>CCOC1(C)CCCC1,CC1(OCCCl)CCCC1,0.0608453,N
substitution,5ee6d50a3b3e860001c8a8e4,5ee6d5f03b3e860001c8a96b,CC1(Cl)CCCC1.CCO>>CCOC1(C)CCCC1,CC1(O)CCCC1,0.0472429,N
substitution,5ee6d50a3b3e860001c8a8e4,5ee6d5f03b3e860001c8a96b,CC1(Cl)CCCC1.CCO>>CCOC1(C)CCCC1,CC1(O)CCCC1,0.00735487,N
substitution,5ee6d50a3b3e860001c8a8e4,5ee6d6443b3e860001c8a9d8,CCCCl.CCSCC>>CCC[S+](CC)CC,CCCSCC,0.432402,N
substitution,5ee6d50a3b3e860001c8a8e4,5ee6d6443b3e860001c8a9d8,CCCCl.CCSCC>>CCC[S+](CC)CC,CCCSCCC,0.118261,N
substitution,5ee6d50a3b3e860001c8a8e4,5ee6d6443b3e860001c8a9d8,CCCCl.CCSCC>>CCC[S+](CC)CC,CCCSCC,0.0392785,N
substitution,5ee6d50a3b3e860001c8a8e4,5ee6d6443b3e860001c8a9d8,CCCCl.CCSCC>>CCC[S+](CC)CC,CCCSCCC,0.00513397,N
substitution,5ee6d50a3b3e860001c8a8e4,5ee6d6443b3e860001c8a9d8,CCCCl.CCSCC>>CCC[S+](CC)CC,CCCC(CC)SC,0.00119511,N
substitution,5ee6d50a3b3e860001c8a8e4,5ee6d6913b3e860001c8a9fb,CCCC[C@](C)(Br)CC.CCO>>CCCC[C@@](C)(CC)OCC.CCCC[C@](C)(CC)OCC,CCCC[C@@](C)(CC)OCC,0.559352,Y
substitution,5ee6d50a3b3e860001c8a8e4,5ee6d6913b3e860001c8a9fb,CCCC[C@](C)(Br)CC.CCO>>CCCC[C@@](C)(CC)OCC.CCCC[C@](C)(CC)OCC,CCCC[C@](C)(CC)OCC,0.204415,Y
substitution,5ee6d50a3b3e860001c8a8e4,5ee6d6913b3e860001c8a9fb,CCCC[C@](C)(Br)CC.CCO>>CCCC[C@@](C)(CC)OCC.CCCC[C@](C)(CC)OCC,CCCCC(C)(CC)OCC,0.0578524,N
substitution,5ee6d50a3b3e860001c8a8e4,5ee6d6913b3e860001c8a9fb,CCCC[C@](C)(Br)CC.CCO>>CCCC[C@@](C)(CC)OCC.CCCC[C@](C)(CC)OCC,CCCC[C@@H](C)CC,0.0223805,N
substitution,5ee6d50a3b3e860001c8a8e4,5ee6d6913b3e860001c8a9fb,CCCC[C@](C)(Br)CC.CCO>>CCCC[C@@](C)(CC)OCC.CCCC[C@](C)(CC)OCC,CC=C(C)CCCC,0.00866866,N
substitution,5ee6d50a3b3e860001c8a8e4,5ee6d6dc3b3e860001c8aa22,C[C@@H]1CCC[C@@](C)(Br)C1.O>>C[C@@H]1CCC[C@@](C)(O)C1.C[C@@H]1CCC[C@](C)(O)C1,C[C@@H]1CCC[C@@](C)(O)C1,0.252616,Y
substitution,5ee6d50a3b3e860001c8a8e4,5ee6d6dc3b3e860001c8aa22,C[C@@H]1CCC[C@@](C)(Br)C1.O>>C[C@@H]1CCC[C@@](C)(O)C1.C[C@@H]1CCC[C@](C)(O)C1,C[C@@H]1CCC=C(C)C1,0.0879258,N
substitution,5ee6d50a3b3e860001c8a8e4,5ee6d6dc3b3e860001c8aa22,C[C@@H]1CCC[C@@](C)(Br)C1.O>>C[C@@H]1CCC[C@@](C)(O)C1.C[C@@H]1CCC[C@](C)(O)C1,C[C@H]1C=C(C)CCC1,0.075543,N
substitution,5ee6d50a3b3e860001c8a8e4,5ee6d6dc3b3e860001c8aa22,C[C@@H]1CCC[C@@](C)(Br)C1.O>>C[C@@H]1CCC[C@@](C)(O)C1.C[C@@H]1CCC[C@](C)(O)C1,C[C@@H]1CCC[C@](C)(O)C1,0.0722976,Y
substitution,5ee6d50a3b3e860001c8a8e4,5ee6d6dc3b3e860001c8aa22,C[C@@H]1CCC[C@@](C)(Br)C1.O>>C[C@@H]1CCC[C@@](C)(O)C1.C[C@@H]1CCC[C@](C)(O)C1,C[C@@H]1CCCC(C)=C1,0.0585274,N
substitution,5ee6d50a3b3e860001c8a8e4,5ee6d7243b3e860001c8aa46,CC(C)[C@@H](C)CCBr.N#C[Na]>>CC(C)[C@@H](C)CCC#N,CC(C)[C@@H](C)CCC#N,0.924006,Y
substitution,5ee6d50a3b3e860001c8a8e4,5ee6d7243b3e860001c8aa46,CC(C)[C@@H](C)CCBr.N#C[Na]>>CC(C)[C@@H](C)CCC#N,CC(C)C(C)CCC#N,0.0262084,N
substitution,5ee6d50a3b3e860001c8a8e4,5ee6d7243b3e860001c8aa46,CC(C)[C@@H](C)CCBr.N#C[Na]>>CC(C)[C@@H](C)CCC#N,CC(C)[C@@H](C)CCN,0.0255699,N
substitution,5ee6d50a3b3e860001c8a8e4,5ee6d7243b3e860001c8aa46,CC(C)[C@@H](C)CCBr.N#C[Na]>>CC(C)[C@@H](C)CCC#N,CC(C)[C@H](C)CCC#N,0.00809178,N
substitution,5ee6d50a3b3e860001c8a8e4,5ee6d7243b3e860001c8aa46,CC(C)[C@@H](C)CCBr.N#C[Na]>>CC(C)[C@@H](C)CCC#N,CC(C)[C@@H](C)CCNC#N,0.00545249,N
substitution,5ee6d50a3b3e860001c8a8e4,5ee6d76b3b3e860001c8aa79,CCCC1(Br)CCCCC1.CO>>CCCC1(O)CCCCC1.[C]C#[C],CCCC1(OC)CCCCC1,0.844493,N
substitution,5ee6d50a3b3e860001c8a8e4,5ee6d76b3b3e860001c8aa79,CCCC1(Br)CCCCC1.CO>>CCCC1(O)CCCCC1.[C]C#[C],CCCC1=CCCCC1,0.0654893,N
substitution,5ee6d50a3b3e860001c8a8e4,5ee6d76b3b3e860001c8aa79,CCCC1(Br)CCCCC1.CO>>CCCC1(O)CCCCC1.[C]C#[C],CCC=C1CCCCC1,0.0133063,N
substitution,5ee6d50a3b3e860001c8a8e4,5ee6d76b3b3e860001c8aa79,CCCC1(Br)CCCCC1.CO>>CCCC1(O)CCCCC1.[C]C#[C],CCCC1CCCCC1,0.00414457,N
substitution,5ee6d50a3b3e860001c8a8e4,5ee6d76b3b3e860001c8aa79,CCCC1(Br)CCCCC1.CO>>CCCC1(O)CCCCC1.[C]C#[C],CCCC1(OC)CCCC1,0.000233647,N
substitution,5ee6d50a3b3e860001c8a8e4,5ee6d7b43b3e860001c8aaad,CCO.C[C@H]1CC[C@@H](Cl)CC1>>CCO[C@H]1CC[C@@H](C)CC1.CCO[C@H]1CC[C@H](C)CC1,CCO[C@H]1CC[C@@H](C)CC1,0.361499,Y
substitution,5ee6d50a3b3e860001c8a8e4,5ee6d7b43b3e860001c8aaad,CCO.C[C@H]1CC[C@@H](Cl)CC1>>CCO[C@H]1CC[C@@H](C)CC1.CCO[C@H]1CC[C@H](C)CC1,CCOC1CCC(C)CC1,0.149069,N
substitution,5ee6d50a3b3e860001c8a8e4,5ee6d7b43b3e860001c8aaad,CCO.C[C@H]1CC[C@@H](Cl)CC1>>CCO[C@H]1CC[C@@H](C)CC1.CCO[C@H]1CC[C@H](C)CC1,CCO[C@H]1CC[C@H](C)CC1,0.0739855,Y
substitution,5ee6d50a3b3e860001c8a8e4,5ee6d7b43b3e860001c8aaad,CCO.C[C@H]1CC[C@@H](Cl)CC1>>CCO[C@H]1CC[C@@H](C)CC1.CCO[C@H]1CC[C@H](C)CC1,C[C@H]1CC[C@@H](O)CC1,0.0528104,N
substitution,5ee6d50a3b3e860001c8a8e4,5ee6d7b43b3e860001c8aaad,CCO.C[C@H]1CC[C@@H](Cl)CC1>>CCO[C@H]1CC[C@@H](C)CC1.CCO[C@H]1CC[C@H](C)CC1,C[C@H]1CC[C@@H](Cl)CC1,0.0375735,N
elimination,5ee69f0c3b3e860001c89196,5ee69f123b3e860001c8919f,CC(C1CCCCC1)C(C)C1CCCCC1.N[Na]>>C(#CC1CCCCC1)C1CCCCC1,CC(C1CCCCC1)C(C)C1CCCCC1,0.998248,N
elimination,5ee69f0c3b3e860001c89196,5ee69f123b3e860001c8919f,CC(C1CCCCC1)C(C)C1CCCCC1.N[Na]>>C(#CC1CCCCC1)C1CCCCC1,CC(C1CCCCC1)C(C)C1CCCC1,0.000409133,N
elimination,5ee69f0c3b3e860001c89196,5ee69f123b3e860001c8919f,CC(C1CCCCC1)C(C)C1CCCCC1.N[Na]>>C(#CC1CCCCC1)C1CCCCC1,CC(C(C)C1CCCCC1)C1CCCCC1,0.000264428,N
elimination,5ee69f0c3b3e860001c89196,5ee69f123b3e860001c8919f,CC(C1CCCCC1)C(C)C1CCCCC1.N[Na]>>C(#CC1CCCCC1)C1CCCCC1,CC(C1CCOCC1)C(C)C1CCCCC1,0.00012072,N
elimination,5ee69f0c3b3e860001c89196,5ee69f123b3e860001c8919f,CC(C1CCCCC1)C(C)C1CCCCC1.N[Na]>>C(#CC1CCCCC1)C1CCCCC1,CC(C1CCCCC1)C(C)C1CCCCC1N,0.000117711,N
elimination,5ee69f0c3b3e860001c89196,5ee69f5a3b3e860001c891be,CCC(C)(Cl)Cl.N[Na]>>C#CCC.CC#CC,CCC(C)=N,0.246515,N
elimination,5ee69f0c3b3e860001c89196,5ee69f5a3b3e860001c891be,CCC(C)(Cl)Cl.N[Na]>>C#CCC.CC#CC,CCC(C)N,0.173277,N
elimination,5ee69f0c3b3e860001c89196,5ee69f5a3b3e860001c891be,CCC(C)(Cl)Cl.N[Na]>>C#CCC.CC#CC,CC=C(C)N,0.0853235,N
elimination,5ee69f0c3b3e860001c89196,5ee69f5a3b3e860001c891be,CCC(C)(Cl)Cl.N[Na]>>C#CCC.CC#CC,CCC(C)N,0.0764339,N
elimination,5ee69f0c3b3e860001c89196,5ee69f5a3b3e860001c891be,CCC(C)(Cl)Cl.N[Na]>>C#CCC.CC#CC,CCC(C)=NN,0.0277214,N
elimination,5ee69f0c3b3e860001c89196,5ee69fa33b3e860001c891f2,CC(C)(C)[O-].CC(C)CCCC(C)Cl>>C/C=C/CCC(C)C.C=CCCCC(C)C,CC(C)CCCC(C)OC(C)(C)C,0.888288,N
elimination,5ee69f0c3b3e860001c89196,5ee69fa33b3e860001c891f2,CC(C)(C)[O-].CC(C)CCCC(C)Cl>>C/C=C/CCC(C)C.C=CCCCC(C)C,C=C(C)CCCC(C)C,0.0281101,N
elimination,5ee69f0c3b3e860001c89196,5ee69fa33b3e860001c891f2,CC(C)(C)[O-].CC(C)CCCC(C)Cl>>C/C=C/CCC(C)C.C=CCCCC(C)C,C=CCCCC(C)C,0.0172549,Y
elimination,5ee69f0c3b3e860001c89196,5ee69fa33b3e860001c891f2,CC(C)(C)[O-].CC(C)CCCC(C)Cl>>C/C=C/CCC(C)C.C=CCCCC(C)C,C=CCCCC(C)C,0.00611163,Y
elimination,5ee69f0c3b3e860001c89196,5ee69fa33b3e860001c891f2,CC(C)(C)[O-].CC(C)CCCC(C)Cl>>C/C=C/CCC(C)C.C=CCCCC(C)C,C=C(Cl)CCCC(C)C,0.00539896,N
elimination,5ee69f0c3b3e860001c89196,5ee69fee3b3e860001c89218,C1CCC2=NCCCN2CC1.CC(CCl)CCOC1CCCCO1>>C=C(C)CCOC1CCCCO1,C=C(C)CCOC1CCCCO1,0.239338,Y
elimination,5ee69f0c3b3e860001c89196,5ee69fee3b3e860001c89218,C1CCC2=NCCCN2CC1.CC(CCl)CCOC1CCCCO1>>C=C(C)CCOC1CCCCO1,CC(CCl)CCO,0.0804108,N
elimination,5ee69f0c3b3e860001c89196,5ee69fee3b3e860001c89218,C1CCC2=NCCCN2CC1.CC(CCl)CCOC1CCCCO1>>C=C(C)CCOC1CCCCO1,CC1CCOC1OC1CCCCO1,0.0139038,N
elimination,5ee69f0c3b3e860001c89196,5ee69fee3b3e860001c89218,C1CCC2=NCCCN2CC1.CC(CCl)CCOC1CCCCO1>>C=C(C)CCOC1CCCCO1,CC1CCOC1OC,0.0053155,N
elimination,5ee69f0c3b3e860001c89196,5ee6a0373b3e860001c8924d,CC(C)(C)[O-].CC1(C)CC1>>C=C1CC1.CC1=CC1,CC1(C)CC1,0.169672,N
elimination,5ee69f0c3b3e860001c89196,5ee6a0373b3e860001c8924d,CC(C)(C)[O-].CC1(C)CC1>>C=C1CC1.CC1=CC1,CC1(C)CC1,0.153592,N
elimination,5ee69f0c3b3e860001c89196,5ee6a0373b3e860001c8924d,CC(C)(C)[O-].CC1(C)CC1>>C=C1CC1.CC1=CC1,CC(C)(C)OC(C)(C)C,0.138347,N
elimination,5ee69f0c3b3e860001c89196,5ee6a0373b3e860001c8924d,CC(C)(C)[O-].CC1(C)CC1>>C=C1CC1.CC1=CC1,CC(C)(C)OC(C)(C)C,0.0353049,N
elimination,5ee69f0c3b3e860001c89196,5ee6a0373b3e860001c8924d,CC(C)(C)[O-].CC1(C)CC1>>C=C1CC1.CC1=CC1,CC(C)(O)CC(C)(C)C,0.0321626,N
elimination,5ee69f0c3b3e860001c89196,5ee6a1073b3e860001c89290,BrCC1CCCCC1.C1CCC2=NCCCN2CC1>>C=C1CCCCC1,c1ccc2c(c1)CCCN2CC1CCCCC1,0.0643187,N
elimination,5ee69f0c3b3e860001c89196,5ee6a1073b3e860001c89290,BrCC1CCCCC1.C1CCC2=NCCCN2CC1>>C=C1CCCCC1,c1cc[n+]2c(c1)CCCC2,0.059561,N
elimination,5ee69f0c3b3e860001c89196,5ee6a1073b3e860001c89290,BrCC1CCCCC1.C1CCC2=NCCCN2CC1>>C=C1CCCCC1,c1ccc2nccc[n+]2c1,0.0354403,N
elimination,5ee69f0c3b3e860001c89196,5ee6a1073b3e860001c89290,BrCC1CCCCC1.C1CCC2=NCCCN2CC1>>C=C1CCCCC1,c1ccc2ncccn2c1,0.0290512,N
elimination,5ee69f0c3b3e860001c89196,5ee6a1073b3e860001c89290,BrCC1CCCCC1.C1CCC2=NCCCN2CC1>>C=C1CCCCC1,c1cc[n+]2c(c1)CCCC2CC1CCCCC1,0.00249368,N
elimination,5ee69f0c3b3e860001c89196,5ee6a14f3b3e860001c892b0,CCC(C)Br.C[O-]>>C/C=C/C.C=CCC,CCC(C)OC,0.891132,N
elimination,5ee69f0c3b3e860001c89196,5ee6a14f3b3e860001c892b0,CCC(C)Br.C[O-]>>C/C=C/C.C=CCC,CCC(C)O,0.0343705,N
elimination,5ee69f0c3b3e860001c89196,5ee6a14f3b3e860001c892b0,CCC(C)Br.C[O-]>>C/C=C/C.C=CCC,COC(C)CC,0.0103852,N
elimination,5ee69f0c3b3e860001c89196,5ee6a14f3b3e860001c892b0,CCC(C)Br.C[O-]>>C/C=C/C.C=CCC,C=CCC,0.00389882,Y
elimination,5ee69f0c3b3e860001c89196,5ee6a14f3b3e860001c892b0,CCC(C)Br.C[O-]>>C/C=C/C.C=CCC,CC=C(C)OC,0.00388874,N
elimination,5ee69f0c3b3e860001c89196,5ee6a1993b3e860001c892ce,C[C@]1(Br)C(=O)O[C@H]2CCCC[C@@H]21.C[O-]>>C=C1C(=O)O[C@@H]2CCCC[C@@H]12,CO[C@@]1(C)C(=O)O[C@H]2CCCC[C@@H]21,0.335765,N
elimination,5ee69f0c3b3e860001c89196,5ee6a1993b3e860001c892ce,C[C@]1(Br)C(=O)O[C@H]2CCCC[C@@H]21.C[O-]>>C=C1C(=O)O[C@@H]2CCCC[C@@H]12,CO[C@]1(C)C(=O)O[C@H]2CCCC[C@@H]21,0.128809,N
elimination,5ee69f0c3b3e860001c89196,5ee6a1993b3e860001c892ce,C[C@]1(Br)C(=O)O[C@H]2CCCC[C@@H]21.C[O-]>>C=C1C(=O)O[C@@H]2CCCC[C@@H]12,COC(=O)[C@](C)(OC)C1CCCC[C@@H]1O,0.0315213,N
elimination,5ee69f0c3b3e860001c89196,5ee6a1993b3e860001c892ce,C[C@]1(Br)C(=O)O[C@H]2CCCC[C@@H]21.C[O-]>>C=C1C(=O)O[C@@H]2CCCC[C@@H]12,COC(=O)[C@@](C)(OC)C1CCCC[C@@H]1O,0.0157093,N
elimination,5ee69f0c3b3e860001c89196,5ee6a1993b3e860001c892ce,C[C@]1(Br)C(=O)O[C@H]2CCCC[C@@H]21.C[O-]>>C=C1C(=O)O[C@@H]2CCCC[C@@H]12,CO[C@@H]1CCCC[C@@H]1[C@@](C)(Br)C(=O)OC,0.0139573,N
elimination,5ee69f0c3b3e860001c89196,5ee6a1e23b3e860001c892ee,CCCC1(Cl)CCCC1C.O>>CC/C=C1/CCCC1C.CCCC1=C(C)CCC1.CCCC1=CCCC1C,CCCC1(O)CCCC1C,0.999865,N
elimination,5ee69f0c3b3e860001c89196,5ee6a1e23b3e860001c892ee,CCCC1(Cl)CCCC1C.O>>CC/C=C1/CCCC1C.CCCC1=C(C)CCC1.CCCC1=CCCC1C,CCCC1(Cl)CCCC1C,0.0000573168,N
elimination,5ee69f0c3b3e860001c89196,5ee6a1e23b3e860001c892ee,CCCC1(Cl)CCCC1C.O>>CC/C=C1/CCCC1C.CCCC1=C(C)CCC1.CCCC1=CCCC1C,CCCC1(O)CCCC1C,0.0000189197,N
elimination,5ee69f0c3b3e860001c89196,5ee6a1e23b3e860001c892ee,CCCC1(Cl)CCCC1C.O>>CC/C=C1/CCCC1C.CCCC1=C(C)CCC1.CCCC1=CCCC1C,CCCC1(O)C(C)CCC1,0.00000557725,N
elimination,5ee69f0c3b3e860001c89196,5ee6a1e23b3e860001c892ee,CCCC1(Cl)CCCC1C.O>>CC/C=C1/CCCC1C.CCCC1=C(C)CCC1.CCCC1=CCCC1C,CCCC1(O)CCCC1C,0.0000014418,N
elimination,5ee69f0c3b3e860001c89196,5ee6a22c3b3e860001c8930b,CC(C)C1CCCC(Cl)C1.[OH-]>>CC(C)C1C=CCCC1.CC(C)C1CC=CCC1,CC(C)C1CCCC(=O)C1,0.548937,N
elimination,5ee69f0c3b3e860001c89196,5ee6a22c3b3e860001c8930b,CC(C)C1CCCC(Cl)C1.[OH-]>>CC(C)C1C=CCCC1.CC(C)C1CC=CCC1,CC(C)C1CCCC(O)C1,0.429699,N
elimination,5ee69f0c3b3e860001c89196,5ee6a22c3b3e860001c8930b,CC(C)C1CCCC(Cl)C1.[OH-]>>CC(C)C1C=CCCC1.CC(C)C1CC=CCC1,CC(C)C1C=CCC(O)C1,0.00318433,N
elimination,5ee69f0c3b3e860001c89196,5ee6a22c3b3e860001c8930b,CC(C)C1CCCC(Cl)C1.[OH-]>>CC(C)C1C=CCCC1.CC(C)C1CC=CCC1,CC(C)C1C=CCC(=O)C1,0.0016249,N
elimination,5ee69f0c3b3e860001c89196,5ee6a22c3b3e860001c8930b,CC(C)C1CCCC(Cl)C1.[OH-]>>CC(C)C1C=CCCC1.CC(C)C1CC=CCC1,CC(C)C1CCC=C(O)C1,0.00101049,N
grignard,5ee6a2763b3e860001c8932d,5ee6a27b3b3e860001c89333,Cc1cc(C)c([Mg]Br)c(C)c1.O.O=C=O>>Cc1cc(C)c(C(=O)O)c(C)c1,Cc1cc(C)c(C(=O)O)c(C)c1,0.983562,Y
grignard,5ee6a2763b3e860001c8932d,5ee6a27b3b3e860001c89333,Cc1cc(C)c([Mg]Br)c(C)c1.O.O=C=O>>Cc1cc(C)c(C(=O)O)c(C)c1,COC(=O)c1c(C)cc(C)cc1C,0.00242793,N
grignard,5ee6a2763b3e860001c8932d,5ee6a27b3b3e860001c89333,Cc1cc(C)c([Mg]Br)c(C)c1.O.O=C=O>>Cc1cc(C)c(C(=O)O)c(C)c1,O=C(O)c1ccccc1,0.00053613,N
grignard,5ee6a2763b3e860001c8932d,5ee6a27b3b3e860001c89333,Cc1cc(C)c([Mg]Br)c(C)c1.O.O=C=O>>Cc1cc(C)c(C(=O)O)c(C)c1,Cc1ccc(C)c(C(=O)O)c1,0.000396814,N
grignard,5ee6a2763b3e860001c8932d,5ee6a27b3b3e860001c89333,Cc1cc(C)c([Mg]Br)c(C)c1.O.O=C=O>>Cc1cc(C)c(C(=O)O)c(C)c1,CC1=CC(C)C(C(=O)O)C(C)C1,0.000326117,N
grignard,5ee6a2763b3e860001c8932d,5ee6a2c43b3e860001c89350,C=C1Cc2ccccc2CC1=O.CC[Mg]Br.O>>C=C1Cc2ccccc2CC1(O)CC,C=C1Cc2ccccc2CC1(O)CC,0.609275,Y
grignard,5ee6a2763b3e860001c8932d,5ee6a2c43b3e860001c89350,C=C1Cc2ccccc2CC1=O.CC[Mg]Br.O>>C=C1Cc2ccccc2CC1(O)CC,CCC1(O)Cc2ccccc2CC1=O,0.084674,N
grignard,5ee6a2763b3e860001c8932d,5ee6a2c43b3e860001c89350,C=C1Cc2ccccc2CC1=O.CC[Mg]Br.O>>C=C1Cc2ccccc2CC1(O)CC,CCC1(O)Cc2ccccc2CC1=C,0.0227711,N
grignard,5ee6a2763b3e860001c8932d,5ee6a2c43b3e860001c89350,C=C1Cc2ccccc2CC1=O.CC[Mg]Br.O>>C=C1Cc2ccccc2CC1(O)CC,CCC1(O)Cc2ccccc2CC1C,0.015334,N
grignard,5ee6a2763b3e860001c8932d,5ee6a2c43b3e860001c89350,C=C1Cc2ccccc2CC1=O.CC[Mg]Br.O>>C=C1Cc2ccccc2CC1(O)CC,C=C1Cc2ccccc2CC12OCC2,0.0130121,N
grignard,5ee6a2763b3e860001c8932d,5ee6a30e3b3e860001c89374,Br[Mg]c1ccccc1.O.O=C(Cl)c1ccccc1>>OC(c1ccccc1)(c1ccccc1)c1ccccc1,O=C(c1ccccc1)c1ccccc1,0.963024,N
grignard,5ee6a2763b3e860001c8932d,5ee6a30e3b3e860001c89374,Br[Mg]c1ccccc1.O.O=C(Cl)c1ccccc1>>OC(c1ccccc1)(c1ccccc1)c1ccccc1,CC(=O)c1ccccc1,0.000757128,N
grignard,5ee6a2763b3e860001c8932d,5ee6a30e3b3e860001c89374,Br[Mg]c1ccccc1.O.O=C(Cl)c1ccccc1>>OC(c1ccccc1)(c1ccccc1)c1ccccc1,O=C(c1ccccc1)c1ccccc1Br,0.0000975262,N
grignard,5ee6a2763b3e860001c8932d,5ee6a3563b3e860001c89391,C=C(CCC)c1ccccc1.C[Mg]Cl.O>>CC(C)(O)c1ccccc1,CCCC(C)(O)c1ccccc1,0.987308,N
grignard,5ee6a2763b3e860001c8932d,5ee6a3563b3e860001c89391,C=C(CCC)c1ccccc1.C[Mg]Cl.O>>CC(C)(O)c1ccccc1,CCCC(C)(O)c1ccccc1,0.0012932,N
grignard,5ee6a2763b3e860001c8932d,5ee6a3563b3e860001c89391,C=C(CCC)c1ccccc1.C[Mg]Cl.O>>CC(C)(O)c1ccccc1,CCCCC(C)(O)c1ccccc1,0.000567253,N
grignard,5ee6a2763b3e860001c8932d,5ee6a3563b3e860001c89391,C=C(CCC)c1ccccc1.C[Mg]Cl.O>>CC(C)(O)c1ccccc1,CCCC(C)(C)c1ccccc1,0.000459805,N
grignard,5ee6a2763b3e860001c8932d,5ee6a3563b3e860001c89391,C=C(CCC)c1ccccc1.C[Mg]Cl.O>>CC(C)(O)c1ccccc1,C=C(CCC)c1ccccc1C,0.000380532,N
grignard,5ee6a2763b3e860001c8932d,5ee6a39e3b3e860001c893b2,C=O.CC(C)[Mg]Br.O>>CC(C)CO,CC(C)CO,0.649261,Y
grignard,5ee6a2763b3e860001c8932d,5ee6a39e3b3e860001c893b2,C=O.CC(C)[Mg]Br.O>>CC(C)CO,CC(C)C(O)CO,0.14513,N
grignard,5ee6a2763b3e860001c8932d,5ee6a39e3b3e860001c893b2,C=O.CC(C)[Mg]Br.O>>CC(C)CO,CC(C)C=O,0.0189077,N
grignard,5ee6a2763b3e860001c8932d,5ee6a39e3b3e860001c893b2,C=O.CC(C)[Mg]Br.O>>CC(C)CO,CC(C)(O)CO,0.00824986,N
grignard,5ee6a2763b3e860001c8932d,5ee6a39e3b3e860001c893b2,C=O.CC(C)[Mg]Br.O>>CC(C)CO,CC(C)C(=O)O,0.00406825,N
grignard,5ee6a2763b3e860001c8932d,5ee6a3e63b3e860001c893cf,CCCCC(C)=O.C[Mg]Br.O>>CCCCC(C)O,CCCCC(C)(C)O,0.999454,N
grignard,5ee6a2763b3e860001c8932d,5ee6a3e63b3e860001c893cf,CCCCC(C)=O.C[Mg]Br.O>>CCCCC(C)O,CCC(C)(C)O,0.0000381986,N
grignard,5ee6a2763b3e860001c8932d,5ee6a3e63b3e860001c893cf,CCCCC(C)=O.C[Mg]Br.O>>CCCCC(C)O,CC(C)(O)CCCC,0.0000325392,N
grignard,5ee6a2763b3e860001c8932d,5ee6a3e63b3e860001c893cf,CCCCC(C)=O.C[Mg]Br.O>>CCCCC(C)O,CCCCC(C)C,0.0000280006,N
grignard,5ee6a2763b3e860001c8932d,5ee6a3e63b3e860001c893cf,CCCCC(C)=O.C[Mg]Br.O>>CCCCC(C)O,CCCCC(C)O,0.0000263319,Y
grignard,5ee6a2763b3e860001c8932d,5ee6a42f3b3e860001c893ec,C1CO1.CC[Mg]Br.O>>CCCCO,CCC(O)CC,0.312917,N
grignard,5ee6a2763b3e860001c8932d,5ee6a42f3b3e860001c893ec,C1CO1.CC[Mg]Br.O>>CCCCO,CCCCO,0.20365,Y
grignard,5ee6a2763b3e860001c8932d,5ee6a42f3b3e860001c893ec,C1CO1.CC[Mg]Br.O>>CCCCO,OCCCCCO,0.0978685,N
grignard,5ee6a2763b3e860001c8932d,5ee6a42f3b3e860001c893ec,C1CO1.CC[Mg]Br.O>>CCCCO,CCC(O)CO,0.0951946,N
grignard,5ee6a2763b3e860001c8932d,5ee6a42f3b3e860001c893ec,C1CO1.CC[Mg]Br.O>>CCCCO,OCCCCO,0.0402365,N
grignard,5ee6a2763b3e860001c8932d,5ee6a4783b3e860001c8940c,CC(=O)C1CCCC(C)(CC=O)C1.C[Mg]Br.O>>CC1(CC=O)CCCC(C(C)(C)O)C1,CC(O)CC1(C)CCCC(C(C)(C)O)C1,0.427446,N
grignard,5ee6a2763b3e860001c8932d,5ee6a4783b3e860001c8940c,CC(=O)C1CCCC(C)(CC=O)C1.C[Mg]Br.O>>CC1(CC=O)CCCC(C(C)(C)O)C1,CC(=O)C1CCCC(C)(CC(C)O)C1,0.372075,N
grignard,5ee6a2763b3e860001c8932d,5ee6a4783b3e860001c8940c,CC(=O)C1CCCC(C)(CC=O)C1.C[Mg]Br.O>>CC1(CC=O)CCCC(C(C)(C)O)C1,CC(O)CC1(C)CCCC(C(C)=O)C1,0.122538,N
grignard,5ee6a2763b3e860001c8932d,5ee6a4783b3e860001c8940c,CC(=O)C1CCCC(C)(CC=O)C1.C[Mg]Br.O>>CC1(CC=O)CCCC(C(C)(C)O)C1,CC(C)(O)C1CCCC(C)(CC(C)O)C1,0.0363038,N
grignard,5ee6a2763b3e860001c8932d,5ee6a4783b3e860001c8940c,CC(=O)C1CCCC(C)(CC=O)C1.C[Mg]Br.O>>CC1(CC=O)CCCC(C(C)(C)O)C1,CC1(CC(C)O)CCCC(C(C)(C)O)C1,0.00299616,N
grignard,5ee6a2763b3e860001c8932d,5ee6a4c43b3e860001c8942b,Br[Mg]c1ccccc1.CC(=O)c1ccccc1.O>>OC(c1ccccc1)c1ccccc1,CC(O)(c1ccccc1)c1ccccc1,0.893937,N
grignard,5ee6a2763b3e860001c8932d,5ee6a4c43b3e860001c8942b,Br[Mg]c1ccccc1.CC(=O)c1ccccc1.O>>OC(c1ccccc1)c1ccccc1,C=C(c1ccccc1)c1ccccc1,0.0709698,N
grignard,5ee6a2763b3e860001c8932d,5ee6a4c43b3e860001c8942b,Br[Mg]c1ccccc1.CC(=O)c1ccccc1.O>>OC(c1ccccc1)c1ccccc1,OC(Cc1ccccc1)c1ccccc1,0.00374244,N
grignard,5ee6a2763b3e860001c8932d,5ee6a4c43b3e860001c8942b,Br[Mg]c1ccccc1.CC(=O)c1ccccc1.O>>OC(c1ccccc1)c1ccccc1,CC(O)c1ccccc1,0.00243476,N
grignard,5ee6a2763b3e860001c8932d,5ee6a4c43b3e860001c8942b,Br[Mg]c1ccccc1.CC(=O)c1ccccc1.O>>OC(c1ccccc1)c1ccccc1,OC(c1ccccc1)c1ccccc1,0.00197413,Y
grignard,5ee6a2763b3e860001c8932d,5ee6a52d3b3e860001c89453,CC[Mg]Br.O.O=C1CCCCC1>>CCC1(O)CCCCC1,CCC1(O)CCCCC1,0.967339,Y
grignard,5ee6a2763b3e860001c8932d,5ee6a52d3b3e860001c89453,CC[Mg]Br.O.O=C1CCCCC1>>CCC1(O)CCCCC1,CC=C1CCCCC1,0.0122547,N
grignard,5ee6a2763b3e860001c8932d,5ee6a52d3b3e860001c89453,CC[Mg]Br.O.O=C1CCCCC1>>CCC1(O)CCCCC1,CCC1=CCCCC1,0.00303163,N
grignard,5ee6a2763b3e860001c8932d,5ee6a52d3b3e860001c89453,CC[Mg]Br.O.O=C1CCCCC1>>CCC1(O)CCCCC1,C=C1CCCCC1,0.00206443,N
grignard,5ee6a2763b3e860001c8932d,5ee6a52d3b3e860001c89453,CC[Mg]Br.O.O=C1CCCCC1>>CCC1(O)CCCCC1,CCC1(O)CCCCCC1,0.0000406155,N
organocopper,5ee6a5a33b3e860001c89477,5ee6a5a83b3e860001c8947d,C[Cu-]C.O.O=C1C=CCCC1.[Li+]>>CC1CCCC(=O)C1,C[S+](C)C1CCCC(=O)C1,0.124029,N
organocopper,5ee6a5a33b3e860001c89477,5ee6a5f23b3e860001c89497,CC1=C(C)C(=O)CCC1.C[Cu-]C.O.[Li+]>>CC1C(=O)CCCC1(C)C,CC1CCCC(=O)C1C,0.213094,N
organocopper,5ee6a5a33b3e860001c89477,5ee6a5f23b3e860001c89497,CC1=C(C)C(=O)CCC1.C[Cu-]C.O.[Li+]>>CC1C(=O)CCCC1(C)C,CC1=C(C)[C@@H](O)CCC1,0.0897594,N
organocopper,5ee6a5a33b3e860001c89477,5ee6a5f23b3e860001c89497,CC1=C(C)C(=O)CCC1.C[Cu-]C.O.[Li+]>>CC1C(=O)CCCC1(C)C,CC1=C(C)C(C)(O)CCC1,0.0300939,N
organocopper,5ee6a5a33b3e860001c89477,5ee6a5f23b3e860001c89497,CC1=C(C)C(=O)CCC1.C[Cu-]C.O.[Li+]>>CC1C(=O)CCCC1(C)C,CC1=C(C)C(=O)C(C)CC1,0.0104002,N
organocopper,5ee6a5a33b3e860001c89477,5ee6a5f23b3e860001c89497,CC1=C(C)C(=O)CCC1.C[Cu-]C.O.[Li+]>>CC1C(=O)CCCC1(C)C,CC1=C(C)C(=O)C([K])CC1,0.0065703,N
organocopper,5ee6a5a33b3e860001c89477,5ee6a63b3b3e860001c894b5,C=CC(=O)c1ccccc1.C[Cu-]C.O.[Li+]>>CCCC(=O)c1ccccc1,C=C[C@@H](O)c1ccccc1,0.0863273,N
organocopper,5ee6a5a33b3e860001c89477,5ee6a63b3b3e860001c894b5,C=CC(=O)c1ccccc1.C[Cu-]C.O.[Li+]>>CCCC(=O)c1ccccc1,C=CC(O)(C[Sn]C)c1ccccc1,0.0420824,N
organocopper,5ee6a5a33b3e860001c89477,5ee6a63b3b3e860001c894b5,C=CC(=O)c1ccccc1.C[Cu-]C.O.[Li+]>>CCCC(=O)c1ccccc1,C=C[C@H](O)c1ccccc1,0.0394072,N
organocopper,5ee6a5a33b3e860001c89477,5ee6a63b3b3e860001c894b5,C=CC(=O)c1ccccc1.C[Cu-]C.O.[Li+]>>CCCC(=O)c1ccccc1,C=CC(O)(C[Sn]C)c1ccccc1,0.0000287243,N
organocopper,5ee6a5a33b3e860001c89477,5ee6a63b3b3e860001c894b5,C=CC(=O)c1ccccc1.C[Cu-]C.O.[Li+]>>CCCC(=O)c1ccccc1,C=CC(O)(C[Sn]C)c1ccccc1,0.00000408023,N
organocopper,5ee6a5a33b3e860001c89477,5ee6a6853b3e860001c894d3,CC/C=C/C(=O)CC.C[Cu-]C.O.[Li+]>>CCC(=O)CC(C)CC,CCC(=O)CC(CC)[Sn](C)(C)C,0.133471,N
organocopper,5ee6a5a33b3e860001c89477,5ee6a6853b3e860001c894d3,CC/C=C/C(=O)CC.C[Cu-]C.O.[Li+]>>CCC(=O)CC(C)CC,CCC(=O)CC(CC)P(C)C,0.0879886,N
organocopper,5ee6a5a33b3e860001c89477,5ee6a6853b3e860001c894d3,CC/C=C/C(=O)CC.C[Cu-]C.O.[Li+]>>CCC(=O)CC(C)CC,CCC(=O)CC(O)CC,0.0835437,N
organocopper,5ee6a5a33b3e860001c89477,5ee6a6853b3e860001c894d3,CC/C=C/C(=O)CC.C[Cu-]C.O.[Li+]>>CCC(=O)CC(C)CC,CCC(=O)CC(CC)F,0.0645638,N
organocopper,5ee6a5a33b3e860001c89477,5ee6a6853b3e860001c894d3,CC/C=C/C(=O)CC.C[Cu-]C.O.[Li+]>>CCC(=O)CC(C)CC,CCC(=O)CC(CC)[Sn](C)(C)F,0.0405594,N
organocopper,5ee6a5a33b3e860001c89477,5ee6a6cd3b3e860001c894f0,CCCC[Cu-]CCCC.O.O=C(Cl)c1ccccc1.[Li+]>>CCCCC(=O)c1ccccc1,CCCC[P](=O)CCCC,0.103742,N
organocopper,5ee6a5a33b3e860001c89477,5ee6a7163b3e860001c8950c,C1CCC2(CC1)CO2.CCCC[Cu-]CCCC.O.[Li+]>>CCCCCC1(O)CCCCC1,OCC1(O)CCCCC1,0.0904705,N
organocopper,5ee6a5a33b3e860001c89477,5ee6a7163b3e860001c8950c,C1CCC2(CC1)CO2.CCCC[Cu-]CCCC.O.[Li+]>>CCCCCC1(O)CCCCC1,CCCC[P](CCCC)(CCCC)OCC1(O)CCCCC1,0.0779565,N
organocopper,5ee6a5a33b3e860001c89477,5ee6a7163b3e860001c8950c,C1CCC2(CC1)CO2.CCCC[Cu-]CCCC.O.[Li+]>>CCCCCC1(O)CCCCC1,CCCC[P+](CCCC)(CCCC)CC1(O)CCCCC1,0.0743647,N
organocopper,5ee6a5a33b3e860001c89477,5ee6a7163b3e860001c8950c,C1CCC2(CC1)CO2.CCCC[Cu-]CCCC.O.[Li+]>>CCCCCC1(O)CCCCC1,CCCC[P+](CCCC)(CCCC)CC1(O)CCCCC1,0.0638245,N
organocopper,5ee6a5a33b3e860001c89477,5ee6a7163b3e860001c8950c,C1CCC2(CC1)CO2.CCCC[Cu-]CCCC.O.[Li+]>>CCCCCC1(O)CCCCC1,CCCC[P](CCCC)(CCCC)COC1(O)CCCCC1,0.055893,N
organocopper,5ee6a5a33b3e860001c89477,5ee6a7613b3e860001c89531,C=C[Cu-]C=C.O.[Li+].c1ccc(C23CCCCC2O3)cc1>>C=CC1CCCCC1(O)c1ccccc1,C=C[Si]1(c2ccccc2)CCCCC1O,0.0207546,N
organocopper,5ee6a5a33b3e860001c89477,5ee6a7613b3e860001c89531,C=C[Cu-]C=C.O.[Li+].c1ccc(C23CCCCC2O3)cc1>>C=CC1CCCCC1(O)c1ccccc1,C=C[C@@H](O)CCCCC(=O)c1ccccc1,0.0105007,N
organocopper,5ee6a5a33b3e860001c89477,5ee6a7613b3e860001c89531,C=C[Cu-]C=C.O.[Li+].c1ccc(C23CCCCC2O3)cc1>>C=CC1CCCCC1(O)c1ccccc1,C=C[Si]1(c2ccccc2)OC1CCCCC=O,0.00062335,N
organocopper,5ee6a5a33b3e860001c89477,5ee6a7613b3e860001c89531,C=C[Cu-]C=C.O.[Li+].c1ccc(C23CCCCC2O3)cc1>>C=CC1CCCCC1(O)c1ccccc1,C=C[Si]1(c2ccccc2)OC1CCCCCO,0.00027215,N
organocopper,5ee6a5a33b3e860001c89477,5ee6a7613b3e860001c89531,C=C[Cu-]C=C.O.[Li+].c1ccc(C23CCCCC2O3)cc1>>C=CC1CCCCC1(O)c1ccccc1,C=CP(=O)(CC)C1CCCCC12OCCC2,0.0000398939,N
organocopper,5ee6a5a33b3e860001c89477,5ee6a7b03b3e860001c8954e,C[Cu-]C.O.[Li+].c1ccc(C2CO2)cc1>>CCC(O)c1ccccc1,OCC(O)c1ccccc1,0.29308,N
organocopper,5ee6a5a33b3e860001c89477,5ee6a7b03b3e860001c8954e,C[Cu-]C.O.[Li+].c1ccc(C2CO2)cc1>>CCC(O)c1ccccc1,C[SH+]CCC(O)c1ccccc1,0.047214,N
organocopper,5ee6a5a33b3e860001c89477,5ee6a7b03b3e860001c8954e,C[Cu-]C.O.[Li+].c1ccc(C2CO2)cc1>>CCC(O)c1ccccc1,OC(CBr)c1ccccc1,0.0234311,N
organocopper,5ee6a5a33b3e860001c89477,5ee6a7b03b3e860001c8954e,C[Cu-]C.O.[Li+].c1ccc(C2CO2)cc1>>CCC(O)c1ccccc1,C[SH+]CCC(O)c1ccccc1,0.0181721,N
organocopper,5ee6a5a33b3e860001c89477,5ee6a7b03b3e860001c8954e,C[Cu-]C.O.[Li+].c1ccc(C2CO2)cc1>>CCC(O)c1ccccc1,OCC(CO)c1ccccc1,0.0136859,N
organocopper,5ee6a5a33b3e860001c89477,5ee6a7fa3b3e860001c8956e,CCC(=O)Cl.O.[Li+].c1ccc([Cu-]c2ccccc2)cc1>>CCC(=O)c1ccccc1,CCC(=O)P(c1ccccc1)c1ccccc1,0.546004,N
organocopper,5ee6a5a33b3e860001c89477,5ee6a7fa3b3e860001c8956e,CCC(=O)Cl.O.[Li+].c1ccc([Cu-]c2ccccc2)cc1>>CCC(=O)c1ccccc1,CCC(=O)[Sn](c1ccccc1)(c1ccccc1)c1ccccc1,0.139494,N
organocopper,5ee6a5a33b3e860001c89477,5ee6a7fa3b3e860001c8956e,CCC(=O)Cl.O.[Li+].c1ccc([Cu-]c2ccccc2)cc1>>CCC(=O)c1ccccc1,CCC(=O)[SH](c1ccccc1)c1ccccc1,0.0296387,N
organocopper,5ee6a5a33b3e860001c89477,5ee6a7fa3b3e860001c8956e,CCC(=O)Cl.O.[Li+].c1ccc([Cu-]c2ccccc2)cc1>>CCC(=O)c1ccccc1,CCC(=O)c1ccccc1,0.0240502,Y
organocopper,5ee6a5a33b3e860001c89477,5ee6a7fa3b3e860001c8956e,CCC(=O)Cl.O.[Li+].c1ccc([Cu-]c2ccccc2)cc1>>CCC(=O)c1ccccc1,CCC(=O)c1ccc(P(c2ccccc2)c2ccccc2)cc1,0.0150002,N
organocopper,5ee6a5a33b3e860001c89477,5ee6a8443b3e860001c8958e,C1CC[C@H]2O[C@H]2C1.C=C[Cu-]C=C.O.[Li]>>C=C[C@@H]1CCCC[C@H]1O.C=C[C@H]1CCCC[C@@H]1O,C=C[C@@H]1CCCC[C@H]1O,0.18082,Y
organocopper,5ee6a5a33b3e860001c89477,5ee6a8443b3e860001c8958e,C1CC[C@H]2O[C@H]2C1.C=C[Cu-]C=C.O.[Li]>>C=C[C@@H]1CCCC[C@H]1O.C=C[C@H]1CCCC[C@@H]1O,C=C[C@@H]1CCCC[C@@H]1O,0.161019,N
organocopper,5ee6a5a33b3e860001c89477,5ee6a8443b3e860001c8958e,C1CC[C@H]2O[C@H]2C1.C=C[Cu-]C=C.O.[Li]>>C=C[C@@H]1CCCC[C@H]1O.C=C[C@H]1CCCC[C@@H]1O,C=C[C@H]1CCCC[C@@H]1O,0.110177,Y
organocopper,5ee6a5a33b3e860001c89477,5ee6a8443b3e860001c8958e,C1CC[C@H]2O[C@H]2C1.C=C[Cu-]C=C.O.[Li]>>C=C[C@@H]1CCCC[C@H]1O.C=C[C@H]1CCCC[C@@H]1O,C=C[C@H]1CCCC[C@H]1O,0.0899958,N
organocopper,5ee6a5a33b3e860001c89477,5ee6a8443b3e860001c8958e,C1CC[C@H]2O[C@H]2C1.C=C[Cu-]C=C.O.[Li]>>C=C[C@@H]1CCCC[C@H]1O.C=C[C@H]1CCCC[C@@H]1O,C=C[C@@H](O)[C@H]1CCCCC1,0.000151289,N
friedelcrafts,5ee6a8903b3e860001c895b2,5ee6a8953b3e860001c895b8,ClC1CCCC1.[Al+3].[Cl-].[Cl-].[Cl-].c1ccccc1>>c1ccc(C2CCCC2)cc1,c1ccc(C2CCCC2)cc1,0.602302,Y
friedelcrafts,5ee6a8903b3e860001c895b2,5ee6a8953b3e860001c895b8,ClC1CCCC1.[Al+3].[Cl-].[Cl-].[Cl-].c1ccccc1>>c1ccc(C2CCCC2)cc1,ClC1CCCC1c1ccccc1,0.112499,N
friedelcrafts,5ee6a8903b3e860001c895b2,5ee6a8953b3e860001c895b8,ClC1CCCC1.[Al+3].[Cl-].[Cl-].[Cl-].c1ccccc1>>c1ccc(C2CCCC2)cc1,ClC1CCCC1,0.0312067,N
friedelcrafts,5ee6a8903b3e860001c895b2,5ee6a8953b3e860001c895b8,ClC1CCCC1.[Al+3].[Cl-].[Cl-].[Cl-].c1ccccc1>>c1ccc(C2CCCC2)cc1,c1ccc(C2CCCC2)cc1,0.0307888,N
friedelcrafts,5ee6a8903b3e860001c895b2,5ee6a8953b3e860001c895b8,ClC1CCCC1.[Al+3].[Cl-].[Cl-].[Cl-].c1ccccc1>>c1ccc(C2CCCC2)cc1,ClC1CCC(c2ccccc2)C1,0.0240505,N
friedelcrafts,5ee6a8903b3e860001c895b2,5ee6a8de3b3e860001c895d4,CC(=O)Oc1ccc(Cl)cc1.CCCl.[Al+3].[Cl-].[Cl-].[Cl-]>>CCc1cc(Cl)ccc1OC(C)=O,CC(=O)c1cc(Cl)ccc1O,0.711216,N
friedelcrafts,5ee6a8903b3e860001c895b2,5ee6a8de3b3e860001c895d4,CC(=O)Oc1ccc(Cl)cc1.CCCl.[Al+3].[Cl-].[Cl-].[Cl-]>>CCc1cc(Cl)ccc1OC(C)=O,Oc1ccc(Cl)cc1,0.047457,N
friedelcrafts,5ee6a8903b3e860001c895b2,5ee6a8de3b3e860001c895d4,CC(=O)Oc1ccc(Cl)cc1.CCCl.[Al+3].[Cl-].[Cl-].[Cl-]>>CCc1cc(Cl)ccc1OC(C)=O,Oc1ccc(Cl)cc1Cl,0.0304374,N
friedelcrafts,5ee6a8903b3e860001c895b2,5ee6a8de3b3e860001c895d4,CC(=O)Oc1ccc(Cl)cc1.CCCl.[Al+3].[Cl-].[Cl-].[Cl-]>>CCc1cc(Cl)ccc1OC(C)=O,CCc1cc(Cl)ccc1O,0.0293471,N
friedelcrafts,5ee6a8903b3e860001c895b2,5ee6a8de3b3e860001c895d4,CC(=O)Oc1ccc(Cl)cc1.CCCl.[Al+3].[Cl-].[Cl-].[Cl-]>>CCc1cc(Cl)ccc1OC(C)=O,Oc1ccc(Cl)cc1CCCl,0.0193754,N
friedelcrafts,5ee6a8903b3e860001c895b2,5ee6a9263b3e860001c895f4,CCCC(=O)Cl.Clc1ccccc1.[Al+3].[Cl-].[Cl-].[Cl-]>>CCCC(=O)c1ccccc1Cl,CCCC(=O)c1ccc(Cl)cc1,0.955315,N
friedelcrafts,5ee6a8903b3e860001c895b2,5ee6a9263b3e860001c895f4,CCCC(=O)Cl.Clc1ccccc1.[Al+3].[Cl-].[Cl-].[Cl-]>>CCCC(=O)c1ccccc1Cl,CCCC(=O)c1ccccc1Cl,0.0127001,Y
friedelcrafts,5ee6a8903b3e860001c895b2,5ee6a9263b3e860001c895f4,CCCC(=O)Cl.Clc1ccccc1.[Al+3].[Cl-].[Cl-].[Cl-]>>CCCC(=O)c1ccccc1Cl,CCCCc1ccc(Cl)cc1,0.00801959,N
friedelcrafts,5ee6a8903b3e860001c895b2,5ee6a9263b3e860001c895f4,CCCC(=O)Cl.Clc1ccccc1.[Al+3].[Cl-].[Cl-].[Cl-]>>CCCC(=O)c1ccccc1Cl,CCCC(=O)c1cccc(Cl)c1,0.00388716,N
friedelcrafts,5ee6a8903b3e860001c895b2,5ee6a9263b3e860001c895f4,CCCC(=O)Cl.Clc1ccccc1.[Al+3].[Cl-].[Cl-].[Cl-]>>CCCC(=O)c1ccccc1Cl,CCCC(=O)c1ccccc1,0.000935952,N
friedelcrafts,5ee6a8903b3e860001c895b2,5ee6a9923b3e860001c89617,CCCC(=O)Cl.Cc1ccc(Br)cc1.[Al+3].[Cl-].[Cl-].[Cl-]>>CCCC(=O)c1cc(Br)ccc1C,CCCC(=O)c1cc(Br)ccc1C,0.893092,Y
friedelcrafts,5ee6a8903b3e860001c895b2,5ee6a9923b3e860001c89617,CCCC(=O)Cl.Cc1ccc(Br)cc1.[Al+3].[Cl-].[Cl-].[Cl-]>>CCCC(=O)c1cc(Br)ccc1C,CCCC(=O)c1cc(C)ccc1Br,0.0791531,N
friedelcrafts,5ee6a8903b3e860001c895b2,5ee6a9923b3e860001c89617,CCCC(=O)Cl.Cc1ccc(Br)cc1.[Al+3].[Cl-].[Cl-].[Cl-]>>CCCC(=O)c1cc(Br)ccc1C,CCCCc1cc(Br)ccc1C,0.0086777,N
friedelcrafts,5ee6a8903b3e860001c895b2,5ee6a9923b3e860001c89617,CCCC(=O)Cl.Cc1ccc(Br)cc1.[Al+3].[Cl-].[Cl-].[Cl-]>>CCCC(=O)c1cc(Br)ccc1C,CCCC(=O)c1ccc(Br)cc1,0.00219906,N
friedelcrafts,5ee6a8903b3e860001c895b2,5ee6a9923b3e860001c89617,CCCC(=O)Cl.Cc1ccc(Br)cc1.[Al+3].[Cl-].[Cl-].[Cl-]>>CCCC(=O)c1cc(Br)ccc1C,CCCC(=O)c1ccc(C)cc1,0.00151465,N
friedelcrafts,5ee6a8903b3e860001c895b2,5ee6aa223b3e860001c89646,CCOc1ccccc1.CCl.[Al+3].[Cl-].[Cl-].[Cl-]>>CCOc1ccc(C)cc1,CCOc1ccc(C(C)=O)cc1,0.135127,N
friedelcrafts,5ee6a8903b3e860001c895b2,5ee6aa223b3e860001c89646,CCOc1ccccc1.CCl.[Al+3].[Cl-].[Cl-].[Cl-]>>CCOc1ccc(C)cc1,Oc1ccccc1,0.13326,N
friedelcrafts,5ee6a8903b3e860001c895b2,5ee6aa223b3e860001c89646,CCOc1ccccc1.CCl.[Al+3].[Cl-].[Cl-].[Cl-]>>CCOc1ccc(C)cc1,CCc1ccc(O)cc1,0.11171,N
friedelcrafts,5ee6a8903b3e860001c895b2,5ee6aa223b3e860001c89646,CCOc1ccccc1.CCl.[Al+3].[Cl-].[Cl-].[Cl-]>>CCOc1ccc(C)cc1,CCOc1ccc(C)cc1,0.0873677,Y
friedelcrafts,5ee6a8903b3e860001c895b2,5ee6aa223b3e860001c89646,CCOc1ccccc1.CCl.[Al+3].[Cl-].[Cl-].[Cl-]>>CCOc1ccc(C)cc1,CCOc1ccc(C=O)cc1,0.074812,N
friedelcrafts,5ee6a8903b3e860001c895b2,5ee6aa6c3b3e860001c89667,CC(=O)Nc1ccccc1.CCC(=O)Cl.[Al+3].[Cl-].[Cl-].[Cl-]>>CCC(=O)c1ccccc1NC(C)=O,CCC(=O)c1ccc(NC(C)=O)cc1,0.930413,N
friedelcrafts,5ee6a8903b3e860001c895b2,5ee6aa6c3b3e860001c89667,CC(=O)Nc1ccccc1.CCC(=O)Cl.[Al+3].[Cl-].[Cl-].[Cl-]>>CCC(=O)c1ccccc1NC(C)=O,CCC(=O)c1ccc(N)cc1,0.0306396,N
friedelcrafts,5ee6a8903b3e860001c895b2,5ee6aa6c3b3e860001c89667,CC(=O)Nc1ccccc1.CCC(=O)Cl.[Al+3].[Cl-].[Cl-].[Cl-]>>CCC(=O)c1ccccc1NC(C)=O,CCC(=O)c1ccccc1NC(C)=O,0.0070524,Y
friedelcrafts,5ee6a8903b3e860001c895b2,5ee6aa6c3b3e860001c89667,CC(=O)Nc1ccccc1.CCC(=O)Cl.[Al+3].[Cl-].[Cl-].[Cl-]>>CCC(=O)c1ccccc1NC(C)=O,CCCc1ccc(NC(C)=O)cc1,0.00451272,N
friedelcrafts,5ee6a8903b3e860001c895b2,5ee6aa6c3b3e860001c89667,CC(=O)Nc1ccccc1.CCC(=O)Cl.[Al+3].[Cl-].[Cl-].[Cl-]>>CCC(=O)c1ccccc1NC(C)=O,CCCc1ccc(NC(C)=O)cc1,0.00000877212,N
friedelcrafts,5ee6a8903b3e860001c895b2,5ee6aab53b3e860001c8968d,O=C(Cl)CCC(c1ccccc1)c1ccc(Cl)c(Cl)c1.[Al+3].[Cl-].[Cl-].[Cl-]>>O=C1CCC(c2ccc(Cl)c(Cl)c2)c2ccccc21,O=C1CCC(c2ccc(Cl)c(Cl)c2)c2ccccc21,0.798022,Y
friedelcrafts,5ee6a8903b3e860001c895b2,5ee6aab53b3e860001c8968d,O=C(Cl)CCC(c1ccccc1)c1ccc(Cl)c(Cl)c1.[Al+3].[Cl-].[Cl-].[Cl-]>>O=C1CCC(c2ccc(Cl)c(Cl)c2)c2ccccc21,O=C1CCC(c2ccccc2)c2cc(Cl)c(Cl)cc21,0.112441,N
friedelcrafts,5ee6a8903b3e860001c895b2,5ee6aab53b3e860001c8968d,O=C(Cl)CCC(c1ccccc1)c1ccc(Cl)c(Cl)c1.[Al+3].[Cl-].[Cl-].[Cl-]>>O=C1CCC(c2ccc(Cl)c(Cl)c2)c2ccccc21,O=C1CCC(c2ccccc2)c2ccc(Cl)c(Cl)c21,0.0512999,N
friedelcrafts,5ee6a8903b3e860001c895b2,5ee6aab53b3e860001c8968d,O=C(Cl)CCC(c1ccccc1)c1ccc(Cl)c(Cl)c1.[Al+3].[Cl-].[Cl-].[Cl-]>>O=C1CCC(c2ccc(Cl)c(Cl)c2)c2ccccc21,O=C1CCCc2cc(Cl)c(Cl)cc21,0.00320017,N
friedelcrafts,5ee6a8903b3e860001c895b2,5ee6aab53b3e860001c8968d,O=C(Cl)CCC(c1ccccc1)c1ccc(Cl)c(Cl)c1.[Al+3].[Cl-].[Cl-].[Cl-]>>O=C1CCC(c2ccc(Cl)c(Cl)c2)c2ccccc21,O=C1CCc2ccccc21,0.00136489,N
friedelcrafts,5ee6a8903b3e860001c895b2,5ee6aafe3b3e860001c896a8,CCC(=O)Cl.[Al+3].[Cl-].[Cl-].[Cl-].c1ccccc1>>CCC(=O)c1ccccc1,CCC(=O)c1ccccc1,0.98213,Y
friedelcrafts,5ee6a8903b3e860001c895b2,5ee6aafe3b3e860001c896a8,CCC(=O)Cl.[Al+3].[Cl-].[Cl-].[Cl-].c1ccccc1>>CCC(=O)c1ccccc1,CCCc1ccccc1,0.00353653,N
friedelcrafts,5ee6a8903b3e860001c895b2,5ee6aafe3b3e860001c896a8,CCC(=O)Cl.[Al+3].[Cl-].[Cl-].[Cl-].c1ccccc1>>CCC(=O)c1ccccc1,CC(=O)c1ccccc1,0.0024416,N
friedelcrafts,5ee6a8903b3e860001c895b2,5ee6aafe3b3e860001c896a8,CCC(=O)Cl.[Al+3].[Cl-].[Cl-].[Cl-].c1ccccc1>>CCC(=O)c1ccccc1,CCC(=O)c1ccccc1C,0.000111861,N
friedelcrafts,5ee6a8903b3e860001c895b2,5ee6aafe3b3e860001c896a8,CCC(=O)Cl.[Al+3].[Cl-].[Cl-].[Cl-].c1ccccc1>>CCC(=O)c1ccccc1,CCC(=O)c1ccccc1CC,0.0000331918,N
friedelcrafts,5ee6a8903b3e860001c895b2,5ee6ab513b3e860001c896d7,CC(C)Cl.[Al+3].[Cl-].[Cl-].[Cl-].c1ccccc1>>CC(C)c1ccccc1,CC(C)c1ccccc1,0.947983,Y
friedelcrafts,5ee6a8903b3e860001c895b2,5ee6ab513b3e860001c896d7,CC(C)Cl.[Al+3].[Cl-].[Cl-].[Cl-].c1ccccc1>>CC(C)c1ccccc1,CC(C)c1ccc(Cl)cc1,0.00455137,N
friedelcrafts,5ee6a8903b3e860001c895b2,5ee6ab513b3e860001c896d7,CC(C)Cl.[Al+3].[Cl-].[Cl-].[Cl-].c1ccccc1>>CC(C)c1ccccc1,CC(C)c1ccccc1C(C)C,0.00389297,N
friedelcrafts,5ee6a8903b3e860001c895b2,5ee6ab513b3e860001c896d7,CC(C)Cl.[Al+3].[Cl-].[Cl-].[Cl-].c1ccccc1>>CC(C)c1ccccc1,CCC(C)c1ccccc1,0.00326699,N
friedelcrafts,5ee6a8903b3e860001c895b2,5ee6ab513b3e860001c896d7,CC(C)Cl.[Al+3].[Cl-].[Cl-].[Cl-].c1ccccc1>>CC(C)c1ccccc1,CC(C)c1ccccc1CCCl,0.0000788588,N
friedelcrafts,5ee6a8903b3e860001c895b2,5ee6ab9b3b3e860001c896f7,CC(C)(C)Cl.[Al+3].[Cl-].[Cl-].[Cl-].c1ccccc1>>CC(C)(C)c1ccccc1,CC(C)(C)c1ccccc1,0.960808,Y
friedelcrafts,5ee6a8903b3e860001c895b2,5ee6ab9b3b3e860001c896f7,CC(C)(C)Cl.[Al+3].[Cl-].[Cl-].[Cl-].c1ccccc1>>CC(C)(C)c1ccccc1,CC(C)Cc1ccccc1,0.00422766,N
friedelcrafts,5ee6a8903b3e860001c895b2,5ee6ab9b3b3e860001c896f7,CC(C)(C)Cl.[Al+3].[Cl-].[Cl-].[Cl-].c1ccccc1>>CC(C)(C)c1ccccc1,CCC(C)(C)c1ccccc1,0.00147819,N
friedelcrafts,5ee6a8903b3e860001c895b2,5ee6ab9b3b3e860001c896f7,CC(C)(C)Cl.[Al+3].[Cl-].[Cl-].[Cl-].c1ccccc1>>CC(C)(C)c1ccccc1,CC(C)(C)Cl,0.000640922,N
friedelcrafts,5ee6a8903b3e860001c895b2,5ee6ab9b3b3e860001c896f7,CC(C)(C)Cl.[Al+3].[Cl-].[Cl-].[Cl-].c1ccccc1>>CC(C)(C)c1ccccc1,CC(C)(C)c1ccccc1C,0.000245142,N
dielsalder,5ee6abf43b3e860001c8971a,5ee6abfa3b3e860001c8971f,C=CC=C.Cl/C=C\Cl>>ClC1CC=CCC1Cl,Cl/C=C/CCl,0.12395,N
dielsalder,5ee6abf43b3e860001c8971a,5ee6abfa3b3e860001c8971f,C=CC=C.Cl/C=C\Cl>>ClC1CC=CCC1Cl,ClC1CCC=C1,0.111979,N
dielsalder,5ee6abf43b3e860001c8971a,5ee6abfa3b3e860001c8971f,C=CC=C.Cl/C=C\Cl>>ClC1CC=CCC1Cl,ClC1C=CCC1,0.0971559,N
dielsalder,5ee6abf43b3e860001c8971a,5ee6abfa3b3e860001c8971f,C=CC=C.Cl/C=C\Cl>>ClC1CC=CCC1Cl,Cl/C=C/CCCl,0.0554716,N
dielsalder,5ee6abf43b3e860001c8971a,5ee6abfa3b3e860001c8971f,C=CC=C.Cl/C=C\Cl>>ClC1CC=CCC1Cl,ClC1CCC=C1Cl,0.00160037,N
dielsalder,5ee6abf43b3e860001c8971a,5ee6ac4e3b3e860001c89741,C=CC(=C)C.Cl/C=C\Cl>>CC1=CCC(Cl)C(Cl)C1,CC1=CCC(Cl)C1,0.230389,N
dielsalder,5ee6abf43b3e860001c8971a,5ee6ac4e3b3e860001c89741,C=CC(=C)C.Cl/C=C\Cl>>CC1=CCC(Cl)C(Cl)C1,CC1=CCC(Cl)CC1,0.0921324,N
dielsalder,5ee6abf43b3e860001c8971a,5ee6ac4e3b3e860001c89741,C=CC(=C)C.Cl/C=C\Cl>>CC1=CCC(Cl)C(Cl)C1,CC1(C)CC1Cl,0.0478971,N
dielsalder,5ee6abf43b3e860001c8971a,5ee6ac4e3b3e860001c89741,C=CC(=C)C.Cl/C=C\Cl>>CC1=CCC(Cl)C(Cl)C1,CC1(C)CCC(Cl)C1,0.0441357,N
dielsalder,5ee6abf43b3e860001c8971a,5ee6ac4e3b3e860001c89741,C=CC(=C)C.Cl/C=C\Cl>>CC1=CCC(Cl)C(Cl)C1,CC1=CC[C@@H](Cl)C1,0.0315576,N
dielsalder,5ee6abf43b3e860001c8971a,5ee6ac953b3e860001c8975d,C=C(C)C(=C)C.Cl/C=C\Cl>>CC1=C(C)CC(Cl)C(Cl)C1,CC1=C(C)CC(Cl)C1,0.342825,N
dielsalder,5ee6abf43b3e860001c8971a,5ee6ac953b3e860001c8975d,C=C(C)C(=C)C.Cl/C=C\Cl>>CC1=C(C)CC(Cl)C(Cl)C1,CC1=C(C)CC(Cl)(Cl)C1,0.0288569,N
dielsalder,5ee6abf43b3e860001c8971a,5ee6ac953b3e860001c8975d,C=C(C)C(=C)C.Cl/C=C\Cl>>CC1=C(C)CC(Cl)C(Cl)C1,C=C(C)C(=C)CC(Cl)Cl,0.0205699,N
dielsalder,5ee6abf43b3e860001c8971a,5ee6ac953b3e860001c8975d,C=C(C)C(=C)C.Cl/C=C\Cl>>CC1=C(C)CC(Cl)C(Cl)C1,C=C(C)C(C)(Cl)CCCl,0.0199432,N
dielsalder,5ee6abf43b3e860001c8971a,5ee6ac953b3e860001c8975d,C=C(C)C(=C)C.Cl/C=C\Cl>>CC1=C(C)CC(Cl)C(Cl)C1,CC1=CCC(Cl)(Cl)C1,0.019055,N
dielsalder,5ee6abf43b3e860001c8971a,5ee6ace23b3e860001c8977d,C=C/C=C/C.Cl/C=C\Cl>>CC1C=CCC(Cl)C1Cl,CC1C=CCC1Cl,0.10096,N
dielsalder,5ee6abf43b3e860001c8971a,5ee6ace23b3e860001c8977d,C=C/C=C/C.Cl/C=C\Cl>>CC1C=CCC(Cl)C1Cl,C=CC1CC1Cl,0.0567689,N
dielsalder,5ee6abf43b3e860001c8971a,5ee6ace23b3e860001c8977d,C=C/C=C/C.Cl/C=C\Cl>>CC1C=CCC(Cl)C1Cl,CC=CC=CCl,0.044093,N
dielsalder,5ee6abf43b3e860001c8971a,5ee6ace23b3e860001c8977d,C=C/C=C/C.Cl/C=C\Cl>>CC1C=CCC(Cl)C1Cl,C=CC=CCl,0.0333992,N
dielsalder,5ee6abf43b3e860001c8971a,5ee6ace23b3e860001c8977d,C=C/C=C/C.Cl/C=C\Cl>>CC1C=CCC(Cl)C1Cl,CC1C=CCC1,0.00326203,N
dielsalder,5ee6abf43b3e860001c8971a,5ee6ad443b3e860001c897a4,C/C=C/C=C/C.Cl/C=C\Cl>>CC1C=CC(C)C(Cl)C1Cl,CC1C=CC(Cl)C1C,0.0978226,N
dielsalder,5ee6abf43b3e860001c8971a,5ee6ad443b3e860001c897a4,C/C=C/C=C/C.Cl/C=C\Cl>>CC1C=CC(C)C(Cl)C1Cl,C/C=C/C=C/CCl,0.0377847,N
dielsalder,5ee6abf43b3e860001c8971a,5ee6ad443b3e860001c897a4,C/C=C/C=C/C.Cl/C=C\Cl>>CC1C=CC(C)C(Cl)C1Cl,CC=CC=CCl,0.0260763,N
dielsalder,5ee6abf43b3e860001c8971a,5ee6ad443b3e860001c897a4,C/C=C/C=C/C.Cl/C=C\Cl>>CC1C=CC(C)C(Cl)C1Cl,CC1C=CC(Cl)C1,0.0157584,N
dielsalder,5ee6abf43b3e860001c8971a,5ee6ad443b3e860001c897a4,C/C=C/C=C/C.Cl/C=C\Cl>>CC1C=CC(C)C(Cl)C1Cl,C=CC(Cl)C=CC,0.010186,N
dielsalder,5ee6abf43b3e860001c8971a,5ee6ad8f3b3e860001c897c5,C=C/C=C/C1CCCCC1.Cl/C=C\Cl>>ClC1CC=CC(C2CCCCC2)C1Cl,Cl/C=C/C=C/C1CCCCC1,0.527183,N
dielsalder,5ee6abf43b3e860001c8971a,5ee6ad8f3b3e860001c897c5,C=C/C=C/C1CCCCC1.Cl/C=C\Cl>>ClC1CC=CC(C2CCCCC2)C1Cl,ClC1C=CC(C2CCCCC2)C1,0.0367925,N
dielsalder,5ee6abf43b3e860001c8971a,5ee6ad8f3b3e860001c897c5,C=C/C=C/C1CCCCC1.Cl/C=C\Cl>>ClC1CC=CC(C2CCCCC2)C1Cl,ClC1CC=CC1C1CCCCC1,0.0129413,N
dielsalder,5ee6abf43b3e860001c8971a,5ee6ad8f3b3e860001c897c5,C=C/C=C/C1CCCCC1.Cl/C=C\Cl>>ClC1CC=CC(C2CCCCC2)C1Cl,ClC1C=CCC(C2CCCCC2)C1,0.0108737,N
dielsalder,5ee6abf43b3e860001c8971a,5ee6ad8f3b3e860001c897c5,C=C/C=C/C1CCCCC1.Cl/C=C\Cl>>ClC1CC=CC(C2CCCCC2)C1Cl,Cl/C=C/C=C/Cl,0.00579649,N
dielsalder,5ee6abf43b3e860001c8971a,5ee6add63b3e860001c897eb,C=C.C=CC=C>>C1=CCCCC1,C1=CCCCC1,0.208485,Y
dielsalder,5ee6abf43b3e860001c8971a,5ee6add63b3e860001c897eb,C=C.C=CC=C>>C1=CCCCC1,C1=CCCC=C1,0.12915,N
dielsalder,5ee6abf43b3e860001c8971a,5ee6add63b3e860001c897eb,C=C.C=CC=C>>C1=CCCCC1,C1=CCCC1,0.0519181,N
dielsalder,5ee6abf43b3e860001c8971a,5ee6add63b3e860001c897eb,C=C.C=CC=C>>C1=CCCCC1,C1=CC2CCC1C2,0.0465244,N
dielsalder,5ee6abf43b3e860001c8971a,5ee6add63b3e860001c897eb,C=C.C=CC=C>>C1=CCCCC1,C1=CCC2CCC12,0.0400935,N
dielsalder,5ee6abf43b3e860001c8971a,5ee6ae203b3e860001c89804,C=C.C=C(C)C(=C)C>>CC1=C(C)CCCC1,CC1=C(C)C(C)(C)CC1,0.131971,N
dielsalder,5ee6abf43b3e860001c8971a,5ee6ae203b3e860001c89804,C=C.C=C(C)C(=C)C>>CC1=C(C)CCCC1,CCC(C)(CC)C(=C)C,0.0327956,N
dielsalder,5ee6abf43b3e860001c8971a,5ee6ae203b3e860001c89804,C=C.C=C(C)C(=C)C>>CC1=C(C)CCCC1,CC1=C(C)CCC1=C,0.0261971,N
dielsalder,5ee6abf43b3e860001c8971a,5ee6ae203b3e860001c89804,C=C.C=C(C)C(=C)C>>CC1=C(C)CCCC1,C=C(C)C(C)CC,0.023287,N
dielsalder,5ee6abf43b3e860001c8971a,5ee6ae203b3e860001c89804,C=C.C=C(C)C(=C)C>>CC1=C(C)CCCC1,C=C(C)C1(C)CC1,0.0189251,N
dielsalder,5ee6abf43b3e860001c8971a,5ee6ae693b3e860001c89827,C=C.C=C/C=C/C>>CC1C=CCCC1,C1=CC2CCC1C2,0.0511858,N
dielsalder,5ee6abf43b3e860001c8971a,5ee6ae693b3e860001c89827,C=C.C=C/C=C/C>>CC1C=CCCC1,C=CC=C,0.0278984,N
dielsalder,5ee6abf43b3e860001c8971a,5ee6ae693b3e860001c89827,C=C.C=C/C=C/C>>CC1C=CCCC1,C=CC1CCCC1,0.0236165,N
dielsalder,5ee6abf43b3e860001c8971a,5ee6ae693b3e860001c89827,C=C.C=C/C=C/C>>CC1C=CCCC1,C=CC1CCC=C1,0.0198046,N
dielsalder,5ee6abf43b3e860001c8971a,5ee6ae693b3e860001c89827,C=C.C=C/C=C/C>>CC1C=CCCC1,C=CC1CCC=C1C,0.000872813,N
dielsalder,5ee6abf43b3e860001c8971a,5ee6aeb33b3e860001c89846,C=C.C=C/C=C/C1CCCCC1>>C1=CC(C2CCCCC2)CCC1,C1=CC2CCCCC2C1,0.137993,N
dielsalder,5ee6abf43b3e860001c8971a,5ee6aeb33b3e860001c89846,C=C.C=C/C=C/C1CCCCC1>>C1=CC(C2CCCCC2)CCC1,C1=CC(C2CCCCC2)CC1,0.0614486,N
dielsalder,5ee6abf43b3e860001c8971a,5ee6aeb33b3e860001c89846,C=C.C=C/C=C/C1CCCCC1>>C1=CC(C2CCCCC2)CCC1,C=CC1CC1C1CCCCC1,0.0420868,N
dielsalder,5ee6abf43b3e860001c8971a,5ee6aeb33b3e860001c89846,C=C.C=C/C=C/C1CCCCC1>>C1=CC(C2CCCCC2)CCC1,C1=CCC(C2CCCCC2)C1,0.0356258,N
dielsalder,5ee6abf43b3e860001c8971a,5ee6aeb33b3e860001c89846,C=C.C=C/C=C/C1CCCCC1>>C1=CC(C2CCCCC2)CCC1,C=C/C=C/C1CCCCC1,0.0328295,N
acetylide,5ee6af183b3e860001c8987c,5ee6af1d3b3e860001c89886,C#C.[H-]>>[C-]#C,C=CC,0.671857,N
acetylide,5ee6af183b3e860001c8987c,5ee6af1d3b3e860001c89886,C#C.[H-]>>[C-]#C,C=CCC,0.059478,N
acetylide,5ee6af183b3e860001c8987c,5ee6af1d3b3e860001c89886,C#C.[H-]>>[C-]#C,CCC,0.0280994,N
acetylide,5ee6af183b3e860001c8987c,5ee6af1d3b3e860001c89886,C#C.[H-]>>[C-]#C,C=C,0.0105136,N
acetylide,5ee6af183b3e860001c8987c,5ee6af663b3e860001c898aa,CC(C)CCl.[C-]#C>>C#CCC(C)C,C#CCC(C)C,0.395549,Y
acetylide,5ee6af183b3e860001c8987c,5ee6af663b3e860001c898aa,CC(C)CCl.[C-]#C>>C#CCC(C)C,C#CCC(C)C,0.344278,Y
acetylide,5ee6af183b3e860001c8987c,5ee6af663b3e860001c898aa,CC(C)CCl.[C-]#C>>C#CCC(C)C,CC(C)CC#CC#C,0.0304235,N
acetylide,5ee6af183b3e860001c8987c,5ee6af663b3e860001c898aa,CC(C)CCl.[C-]#C>>C#CCC(C)C,CC(C)CC#C[Si],0.0210026,N
acetylide,5ee6af183b3e860001c8987c,5ee6af663b3e860001c898aa,CC(C)CCl.[C-]#C>>C#CCC(C)C,CC(C)CC#CC,0.0111037,N
acetylide,5ee6af183b3e860001c8987c,5ee6afb03b3e860001c898d3,C#CC1CCCCC1.O.O=S(=O)(O)O.O=S(=O)=[Hg](=O)=O>>CC(=O)C1CCCCC1,CC(=O)C1CCCCC1,0.998384,Y
acetylide,5ee6af183b3e860001c8987c,5ee6afb03b3e860001c898d3,C#CC1CCCCC1.O.O=S(=O)(O)O.O=S(=O)=[Hg](=O)=O>>CC(=O)C1CCCCC1,O=C(O)C1CCCCC1,0.000440621,N
acetylide,5ee6af183b3e860001c8987c,5ee6afb03b3e860001c898d3,C#CC1CCCCC1.O.O=S(=O)(O)O.O=S(=O)=[Hg](=O)=O>>CC(=O)C1CCCCC1,CC(O)(O)C1CCCCC1,0.000237429,N
acetylide,5ee6af183b3e860001c8987c,5ee6afb03b3e860001c898d3,C#CC1CCCCC1.O.O=S(=O)(O)O.O=S(=O)=[Hg](=O)=O>>CC(=O)C1CCCCC1,CC1(O)CCCCC1,0.000113191,N
acetylide,5ee6af183b3e860001c8987c,5ee6afb03b3e860001c898d3,C#CC1CCCCC1.O.O=S(=O)(O)O.O=S(=O)=[Hg](=O)=O>>CC(=O)C1CCCCC1,CC(=O)C1CCCCC1,0.0000232449,N
acetylide,5ee6af183b3e860001c8987c,5ee6aff93b3e860001c898fe,C[C@@]12CCC[C@@H]1O2.O.[C-]#C>>C#C[C@@H]1CCC[C@@]1(C)O,C#CC#C[C@H]1CCC[C@@]1(C)O,0.0634049,N
acetylide,5ee6af183b3e860001c8987c,5ee6aff93b3e860001c898fe,C[C@@]12CCC[C@@H]1O2.O.[C-]#C>>C#C[C@@H]1CCC[C@@]1(C)O,C[C@@]1(O)CCC[C@H]1C#CC#C,0.0554966,N
acetylide,5ee6af183b3e860001c8987c,5ee6aff93b3e860001c898fe,C[C@@]12CCC[C@@H]1O2.O.[C-]#C>>C#C[C@@H]1CCC[C@@]1(C)O,C[C@]1(O)CCC[C@H]1C#CC#C,0.0541656,N
acetylide,5ee6af183b3e860001c8987c,5ee6aff93b3e860001c898fe,C[C@@]12CCC[C@@H]1O2.O.[C-]#C>>C#C[C@@H]1CCC[C@@]1(C)O,C[C@@]1(O)CCC[C@@H]1C#CC#N,0.043385,N
acetylide,5ee6af183b3e860001c8987c,5ee6aff93b3e860001c898fe,C[C@@]12CCC[C@@H]1O2.O.[C-]#C>>C#C[C@@H]1CCC[C@@]1(C)O,C[C@@]1(O)CCC[C@H]1C#CC#N,0.0402508,N
acetylide,5ee6af183b3e860001c8987c,5ee6b0413b3e860001c89919,CCC(Cl)(CC)CC.[C-]#CCC>>C#CCC.CC=C(CC)CC,CCCC#CC(CC)(CC)CC,0.457278,N
acetylide,5ee6af183b3e860001c8987c,5ee6b0413b3e860001c89919,CCC(Cl)(CC)CC.[C-]#CCC>>C#CCC.CC=C(CC)CC,CCC#CC(CC)(CC)CC,0.386379,N
acetylide,5ee6af183b3e860001c8987c,5ee6b0413b3e860001c89919,CCC(Cl)(CC)CC.[C-]#CCC>>C#CCC.CC=C(CC)CC,CCCC#CC(Cl)(CC)CC,0.0977992,N
acetylide,5ee6af183b3e860001c8987c,5ee6b0413b3e860001c89919,CCC(Cl)(CC)CC.[C-]#CCC>>C#CCC.CC=C(CC)CC,CCC#CC(Cl)(CC)CC,0.0184227,N
acetylide,5ee6af183b3e860001c8987c,5ee6b0413b3e860001c89919,CCC(Cl)(CC)CC.[C-]#CCC>>C#CCC.CC=C(CC)CC,CCCC#CCC(Cl)(CC)CC,0.00946768,N
acetylide,5ee6af183b3e860001c8987c,5ee6b08a3b3e860001c8993b,C#CCCCC.Cl.Cl>>CCCCC(C)(Cl)Cl,CCCCC(C)(Cl)Cl,0.598092,Y
acetylide,5ee6af183b3e860001c8987c,5ee6b08a3b3e860001c8993b,C#CCCCC.Cl.Cl>>CCCCC(C)(Cl)Cl,CCCCC(Cl)(Cl)Cl,0.0270048,N
acetylide,5ee6af183b3e860001c8987c,5ee6b08a3b3e860001c8993b,C#CCCCC.Cl.Cl>>CCCCC(C)(Cl)Cl,CCCCC(=O)C(Cl)Cl,0.00266593,N
acetylide,5ee6af183b3e860001c8987c,5ee6b08a3b3e860001c8993b,C#CCCCC.Cl.Cl>>CCCCC(C)(Cl)Cl,CCCCC(Cl)(Cl)CCl,0.000443031,N
acetylide,5ee6af183b3e860001c8987c,5ee6b0d43b3e860001c89959,CCCOS(=O)(=O)c1ccc(C)cc1.[C-]#CCC>>CCC#CCC,CCCC#CCCC,0.538137,N
acetylide,5ee6af183b3e860001c8987c,5ee6b0d43b3e860001c89959,CCCOS(=O)(=O)c1ccc(C)cc1.[C-]#CCC>>CCC#CCC,CCCC#CCC,0.185841,N
acetylide,5ee6af183b3e860001c8987c,5ee6b0d43b3e860001c89959,CCCOS(=O)(=O)c1ccc(C)cc1.[C-]#CCC>>CCC#CCC,CCCC#CCCCC,0.0263359,N
acetylide,5ee6af183b3e860001c8987c,5ee6b0d43b3e860001c89959,CCCOS(=O)(=O)c1ccc(C)cc1.[C-]#CCC>>CCC#CCC,CCC#CCCC,0.0135242,N
acetylide,5ee6af183b3e860001c8987c,5ee6b0d43b3e860001c89959,CCCOS(=O)(=O)c1ccc(C)cc1.[C-]#CCC>>CCC#CCC,CCCC#CCCCCC,0.00666497,N
acetylide,5ee6af183b3e860001c8987c,5ee6b11d3b3e860001c8997e,C1CO1.[C-]#Cc1ccccc1>>[O-]CCC#Cc1ccccc1,OCCC#Cc1ccccc1,0.336824,N
acetylide,5ee6af183b3e860001c8987c,5ee6b11d3b3e860001c8997e,C1CO1.[C-]#Cc1ccccc1>>[O-]CCC#Cc1ccccc1,O=C(CCO)c1ccccc1,0.0390202,N
acetylide,5ee6af183b3e860001c8987c,5ee6b11d3b3e860001c8997e,C1CO1.[C-]#Cc1ccccc1>>[O-]CCC#Cc1ccccc1,O=C(CCCO)c1ccccc1,0.0389926,N
acetylide,5ee6af183b3e860001c8987c,5ee6b11d3b3e860001c8997e,C1CO1.[C-]#Cc1ccccc1>>[O-]CCC#Cc1ccccc1,OC(C#Cc1ccccc1)CCO,0.0344448,N
acetylide,5ee6af183b3e860001c8987c,5ee6b11d3b3e860001c8997e,C1CO1.[C-]#Cc1ccccc1>>[O-]CCC#Cc1ccccc1,C(#Cc1ccccc1)CCO,0.00865261,N
acetylide,5ee6af183b3e860001c8987c,5ee6b1653b3e860001c899a8,C#CCC/C=C(\C)CCC=C(C)C.C=O.O.[CH2-]C.[Li+]>>CC(C)=CCC/C(C)=C/CCC#CCO,CC(C)=CCCC(C)=CCCC#CCO,0.911891,N
acetylide,5ee6af183b3e860001c8987c,5ee6b1653b3e860001c899a8,C#CCC/C=C(\C)CCC=C(C)C.C=O.O.[CH2-]C.[Li+]>>CC(C)=CCC/C(C)=C/CCC#CCO,CC(C)=CCC/C(C)=C/CCC#CCO,0.0188857,Y
acetylide,5ee6af183b3e860001c8987c,5ee6b1653b3e860001c899a8,C#CCC/C=C(\C)CCC=C(C)C.C=O.O.[CH2-]C.[Li+]>>CC(C)=CCC/C(C)=C/CCC#CCO,C=C(C)CCCC(C)=CCCC#CCO,0.00369706,N
acetylide,5ee6af183b3e860001c8987c,5ee6b1653b3e860001c899a8,C#CCC/C=C(\C)CCC=C(C)C.C=O.O.[CH2-]C.[Li+]>>CC(C)=CCC/C(C)=C/CCC#CCO,CC(C)=CCCC(C)=CCCC(C)=CCO,0.00153187,N
acetylide,5ee6af183b3e860001c8987c,5ee6b1653b3e860001c899a8,C#CCC/C=C(\C)CCC=C(C)C.C=O.O.[CH2-]C.[Li+]>>CC(C)=CCC/C(C)=C/CCC#CCO,CC(=CCCC(C)=CCCC#CCO)CC,0.000375933,N
acetylide,5ee6af183b3e860001c8987c,5ee6b1ae3b3e860001c899c9,CC#CC.CO.O=C1CCC(=O)N1Cl>>COC(C)(OC)C(C)(Cl)Cl,COC(C)=C(C)Cl,0.304521,N
acetylide,5ee6af183b3e860001c8987c,5ee6b1ae3b3e860001c899c9,CC#CC.CO.O=C1CCC(=O)N1Cl>>COC(C)(OC)C(C)(Cl)Cl,COC(C)(Cl)C(C)=O,0.123278,N
acetylide,5ee6af183b3e860001c8987c,5ee6b1ae3b3e860001c899c9,CC#CC.CO.O=C1CCC(=O)N1Cl>>COC(C)(OC)C(C)(Cl)Cl,CC#CCCl,0.0361075,N
acetylide,5ee6af183b3e860001c8987c,5ee6b1ae3b3e860001c899c9,CC#CC.CO.O=C1CCC(=O)N1Cl>>COC(C)(OC)C(C)(Cl)Cl,COC(C)(Cl)C(C)Cl,0.0352343,N
acetylide,5ee6af183b3e860001c8987c,5ee6b1ae3b3e860001c899c9,CC#CC.CO.O=C1CCC(=O)N1Cl>>COC(C)(OC)C(C)(Cl)Cl,COC(C)(C)C(C)=O,0.0220068,N
e-sub,5ee6b2063b3e860001c899ec,5ee6b20c3b3e860001c899f6,O=S(=O)(O)O.O=[N+]([O-])O.c1ccccc1>>O=[N+]([O-])c1ccccc1,O=[N+]([O-])c1ccccc1,0.929662,Y
e-sub,5ee6b2063b3e860001c899ec,5ee6b20c3b3e860001c899f6,O=S(=O)(O)O.O=[N+]([O-])O.c1ccccc1>>O=[N+]([O-])c1ccccc1,O=[N+]([O-])c1ccc([N+](=O)[O-])cc1,0.0285774,N
e-sub,5ee6b2063b3e860001c899ec,5ee6b20c3b3e860001c899f6,O=S(=O)(O)O.O=[N+]([O-])O.c1ccccc1>>O=[N+]([O-])c1ccccc1,O=[N+]([O-])c1cccc([N+](=O)[O-])c1,0.0113172,N
e-sub,5ee6b2063b3e860001c899ec,5ee6b20c3b3e860001c899f6,O=S(=O)(O)O.O=[N+]([O-])O.c1ccccc1>>O=[N+]([O-])c1ccccc1,O=[N+]([O-])c1ccccc1O,0.00680991,N
e-sub,5ee6b2063b3e860001c899ec,5ee6b20c3b3e860001c899f6,O=S(=O)(O)O.O=[N+]([O-])O.c1ccccc1>>O=[N+]([O-])c1ccccc1,O=[N+]([O-])c1ccc(O)cc1,0.00247674,N
e-sub,5ee6b2063b3e860001c899ec,5ee6b2543b3e860001c89a18,O=S(=O)(O)O.O=S(=O)=O.c1ccccc1>>O=S(=O)(O)c1ccccc1,O=S(=O)(O)c1ccccc1,0.751355,Y
e-sub,5ee6b2063b3e860001c899ec,5ee6b2543b3e860001c89a18,O=S(=O)(O)O.O=S(=O)=O.c1ccccc1>>O=S(=O)(O)c1ccccc1,O=S(=O)([O-])c1ccccc1,0.0355128,N
e-sub,5ee6b2063b3e860001c899ec,5ee6b2543b3e860001c89a18,O=S(=O)(O)O.O=S(=O)=O.c1ccccc1>>O=S(=O)(O)c1ccccc1,O=S(=O)([O-])c1ccccc1,0.0105376,N
e-sub,5ee6b2063b3e860001c899ec,5ee6b2543b3e860001c89a18,O=S(=O)(O)O.O=S(=O)=O.c1ccccc1>>O=S(=O)(O)c1ccccc1,O=S(=O)(Oc1ccccc1)c1ccccc1,0.00984417,N
e-sub,5ee6b2063b3e860001c899ec,5ee6b2543b3e860001c89a18,O=S(=O)(O)O.O=S(=O)=O.c1ccccc1>>O=S(=O)(O)c1ccccc1,O=S(=O)([O-])c1ccccc1,0.00504464,N
e-sub,5ee6b2063b3e860001c899ec,5ee6b29c3b3e860001c89a38,BrBr.Br[Fe](Br)Br.Cc1ccccc1>>Cc1ccc(Br)cc1.Cc1ccccc1Br,Cc1ccc(Br)cc1,0.451584,Y
e-sub,5ee6b2063b3e860001c899ec,5ee6b29c3b3e860001c89a38,BrBr.Br[Fe](Br)Br.Cc1ccccc1>>Cc1ccc(Br)cc1.Cc1ccccc1Br,Cc1ccc(Br)cc1Br,0.217493,Y
e-sub,5ee6b2063b3e860001c899ec,5ee6b29c3b3e860001c89a38,BrBr.Br[Fe](Br)Br.Cc1ccccc1>>Cc1ccc(Br)cc1.Cc1ccccc1Br,Cc1ccccc1Br,0.209142,Y
e-sub,5ee6b2063b3e860001c899ec,5ee6b29c3b3e860001c89a38,BrBr.Br[Fe](Br)Br.Cc1ccccc1>>Cc1ccc(Br)cc1.Cc1ccccc1Br,Cc1cccc(Br)c1,0.0400439,N
e-sub,5ee6b2063b3e860001c899ec,5ee6b29c3b3e860001c89a38,BrBr.Br[Fe](Br)Br.Cc1ccccc1>>Cc1ccc(Br)cc1.Cc1ccccc1Br,BrCc1ccccc1,0.00788691,N
e-sub,5ee6b2063b3e860001c899ec,5ee6b2e53b3e860001c89a5a,O=S(=O)(O)O.O=[N+]([O-])O.O=[N+]([O-])c1ccccc1>>O=[N+]([O-])c1cccc([N+](=O)[O-])c1,O=[N+]([O-])c1cccc([N+](=O)[O-])c1,0.559852,Y
e-sub,5ee6b2063b3e860001c899ec,5ee6b2e53b3e860001c89a5a,O=S(=O)(O)O.O=[N+]([O-])O.O=[N+]([O-])c1ccccc1>>O=[N+]([O-])c1cccc([N+](=O)[O-])c1,O=[N+]([O-])c1ccc([N+](=O)[O-])cc1,0.33864,N
e-sub,5ee6b2063b3e860001c899ec,5ee6b2e53b3e860001c89a5a,O=S(=O)(O)O.O=[N+]([O-])O.O=[N+]([O-])c1ccccc1>>O=[N+]([O-])c1cccc([N+](=O)[O-])c1,O=[N+]([O-])c1ccccc1[N+](=O)[O-],0.0462561,N
e-sub,5ee6b2063b3e860001c899ec,5ee6b2e53b3e860001c89a5a,O=S(=O)(O)O.O=[N+]([O-])O.O=[N+]([O-])c1ccccc1>>O=[N+]([O-])c1cccc([N+](=O)[O-])c1,Nc1ccc([N+](=O)[O-])cc1,0.00689753,N
e-sub,5ee6b2063b3e860001c899ec,5ee6b2e53b3e860001c89a5a,O=S(=O)(O)O.O=[N+]([O-])O.O=[N+]([O-])c1ccccc1>>O=[N+]([O-])c1cccc([N+](=O)[O-])c1,O=[N+]([O-])c1cc([N+](=O)[O-])ccc1[N+]([O])[O-],0.0000000827099,N
e-sub,5ee6b2063b3e860001c899ec,5ee6b3313b3e860001c89a7f,COC(=O)c1ccc(OC)cc1.O=S(=O)(O)O.O=[N+]([O-])O>>COC(=O)c1ccc(OC)c([N+](=O)[O-])c1,COC(=O)c1ccc(OC)c([N+](=O)[O-])c1,0.97438,Y
e-sub,5ee6b2063b3e860001c899ec,5ee6b3313b3e860001c89a7f,COC(=O)c1ccc(OC)cc1.O=S(=O)(O)O.O=[N+]([O-])O>>COC(=O)c1ccc(OC)c([N+](=O)[O-])c1,O=C(O)c1ccc(O)c([N+](=O)[O-])c1,0.00519656,N
e-sub,5ee6b2063b3e860001c899ec,5ee6b3313b3e860001c89a7f,COC(=O)c1ccc(OC)cc1.O=S(=O)(O)O.O=[N+]([O-])O>>COC(=O)c1ccc(OC)c([N+](=O)[O-])c1,COc1ccc(C(=O)O)cc1[N+](=O)[O-],0.00439932,N
e-sub,5ee6b2063b3e860001c899ec,5ee6b3313b3e860001c89a7f,COC(=O)c1ccc(OC)cc1.O=S(=O)(O)O.O=[N+]([O-])O>>COC(=O)c1ccc(OC)c([N+](=O)[O-])c1,COC(=O)c1ccc(OC)cc1[N+](=O)[O-],0.00236722,N
e-sub,5ee6b2063b3e860001c899ec,5ee6b3313b3e860001c89a7f,COC(=O)c1ccc(OC)cc1.O=S(=O)(O)O.O=[N+]([O-])O>>COC(=O)c1ccc(OC)c([N+](=O)[O-])c1,COC(=O)c1cc([N+](=O)[O-])c(OC)cc1,0.00222422,N
e-sub,5ee6b2063b3e860001c899ec,5ee6b37b3b3e860001c89aa1,Cc1ccc(C(C)(C)C)cc1.O=[Mn](=O)(=O)(=O)[K]>>CC(C)(C)c1ccc(C(=O)O)cc1,CC(C)(C)c1ccc(C(=O)O)cc1,0.983207,Y
e-sub,5ee6b2063b3e860001c899ec,5ee6b37b3b3e860001c89aa1,Cc1ccc(C(C)(C)C)cc1.O=[Mn](=O)(=O)(=O)[K]>>CC(C)(C)c1ccc(C(=O)O)cc1,CC(C)(C)c1ccc(C=O)cc1,0.0119067,N
e-sub,5ee6b2063b3e860001c899ec,5ee6b37b3b3e860001c89aa1,Cc1ccc(C(C)(C)C)cc1.O=[Mn](=O)(=O)(=O)[K]>>CC(C)(C)c1ccc(C(=O)O)cc1,CC(C)(C)c1ccc(C(=O)[O-])cc1,0.00188645,N
e-sub,5ee6b2063b3e860001c899ec,5ee6b37b3b3e860001c89aa1,Cc1ccc(C(C)(C)C)cc1.O=[Mn](=O)(=O)(=O)[K]>>CC(C)(C)c1ccc(C(=O)O)cc1,CC(C)(C)c1ccc(C(=O)O)cc1,0.000381116,N
e-sub,5ee6b2063b3e860001c899ec,5ee6b37b3b3e860001c89aa1,Cc1ccc(C(C)(C)C)cc1.O=[Mn](=O)(=O)(=O)[K]>>CC(C)(C)c1ccc(C(=O)O)cc1,Cc1ccc(C(C)(C)C)cc1C(=O)O,0.00028703,N
e-sub,5ee6b2063b3e860001c899ec,5ee6b3c23b3e860001c89abf,CN.O=[N+]([O-])c1cc([N+](=O)[O-])c(Cl)c([N+](=O)[O-])c1>>CNc1c([N+](=O)[O-])cc([N+](=O)[O-])cc1[N+](=O)[O-],CNc1c([N+](=O)[O-])cc([N+](=O)[O-])cc1[N+](=O)[O-],0.983384,Y
e-sub,5ee6b2063b3e860001c899ec,5ee6b3c23b3e860001c89abf,CN.O=[N+]([O-])c1cc([N+](=O)[O-])c(Cl)c([N+](=O)[O-])c1>>CNc1c([N+](=O)[O-])cc([N+](=O)[O-])cc1[N+](=O)[O-],NCc1c([N+](=O)[O-])cc([N+](=O)[O-])cc1[N+](=O)[O-],0.00201042,N
e-sub,5ee6b2063b3e860001c899ec,5ee6b3c23b3e860001c89abf,CN.O=[N+]([O-])c1cc([N+](=O)[O-])c(Cl)c([N+](=O)[O-])c1>>CNc1c([N+](=O)[O-])cc([N+](=O)[O-])cc1[N+](=O)[O-],CNc1c(N)cc([N+](=O)[O-])cc1[N+](=O)[O-],0.00136615,N
e-sub,5ee6b2063b3e860001c899ec,5ee6b3c23b3e860001c89abf,CN.O=[N+]([O-])c1cc([N+](=O)[O-])c(Cl)c([N+](=O)[O-])c1>>CNc1c([N+](=O)[O-])cc([N+](=O)[O-])cc1[N+](=O)[O-],CNc1c([N+](=O)[O-])cc([N+](=O)[O-])cc1N,0.00134093,N
e-sub,5ee6b2063b3e860001c899ec,5ee6b3c23b3e860001c89abf,CN.O=[N+]([O-])c1cc([N+](=O)[O-])c(Cl)c([N+](=O)[O-])c1>>CNc1c([N+](=O)[O-])cc([N+](=O)[O-])cc1[N+](=O)[O-],CNc1c([N+](=O)[O-])cc([N+](=O)[O-])cc1[N+]([O])[O-],0.00000798275,N
e-sub,5ee6b2063b3e860001c899ec,5ee6b40d3b3e860001c89aed,CNc1c([N+](=O)[O-])cc([N+](=O)[O-])cc1[N+](=O)[O-].[HH].[Pd]>>CNc1c(N)cc(N)cc1N,CNc1c(N)cc(N)cc1N,0.830465,Y
e-sub,5ee6b2063b3e860001c899ec,5ee6b40d3b3e860001c89aed,CNc1c([N+](=O)[O-])cc([N+](=O)[O-])cc1[N+](=O)[O-].[HH].[Pd]>>CNc1c(N)cc(N)cc1N,CNc1c(N)cc([N+](=O)[O-])cc1N,0.0951184,N
e-sub,5ee6b2063b3e860001c899ec,5ee6b40d3b3e860001c89aed,CNc1c([N+](=O)[O-])cc([N+](=O)[O-])cc1[N+](=O)[O-].[HH].[Pd]>>CNc1c(N)cc(N)cc1N,CNc1c(N)cc(N)cc1[N+](=O)[O-],0.0404294,N
e-sub,5ee6b2063b3e860001c899ec,5ee6b40d3b3e860001c89aed,CNc1c([N+](=O)[O-])cc([N+](=O)[O-])cc1[N+](=O)[O-].[HH].[Pd]>>CNc1c(N)cc(N)cc1N,Cn1cnc2cc(N)cc(N)c21,0.00345365,N
e-sub,5ee6b2063b3e860001c899ec,5ee6b40d3b3e860001c89aed,CNc1c([N+](=O)[O-])cc([N+](=O)[O-])cc1[N+](=O)[O-].[HH].[Pd]>>CNc1c(N)cc(N)cc1N,CNc1ccc(N)cc1N,0.00184262,N
e-sub,5ee6b2063b3e860001c899ec,5ee6b4573b3e860001c89b0a,CO[Na].O=[N+]([O-])c1ccc(Cl)c([N+](=O)[O-])c1>>COc1cc([N+](=O)[O-])cc([N+](=O)[O-])c1Cl,COc1ccc([N+](=O)[O-])cc1[N+](=O)[O-],0.970264,N
e-sub,5ee6b2063b3e860001c899ec,5ee6b4573b3e860001c89b0a,CO[Na].O=[N+]([O-])c1ccc(Cl)c([N+](=O)[O-])c1>>COc1cc([N+](=O)[O-])cc([N+](=O)[O-])c1Cl,COc1ccc(N)cc1[N+](=O)[O-],0.00705123,N
e-sub,5ee6b2063b3e860001c899ec,5ee6b4573b3e860001c89b0a,CO[Na].O=[N+]([O-])c1ccc(Cl)c([N+](=O)[O-])c1>>COc1cc([N+](=O)[O-])cc([N+](=O)[O-])c1Cl,COc1ccc([N+](=O)[O-])cc1N,0.0046789,N
e-sub,5ee6b2063b3e860001c899ec,5ee6b4573b3e860001c89b0a,CO[Na].O=[N+]([O-])c1ccc(Cl)c([N+](=O)[O-])c1>>COc1cc([N+](=O)[O-])cc([N+](=O)[O-])c1Cl,COc1cc([N+](=O)[O-])ccc1[N+](=O)[O-],0.00186377,N
e-sub,5ee6b2063b3e860001c899ec,5ee6b4573b3e860001c89b0a,CO[Na].O=[N+]([O-])c1ccc(Cl)c([N+](=O)[O-])c1>>COc1cc([N+](=O)[O-])cc([N+](=O)[O-])c1Cl,COc1ccc([N+](=O)[O-])cc1[N+]([O])[O-],0.00000631644,N
e-sub,5ee6b2063b3e860001c899ec,5ee6b4a13b3e860001c89b32,Clc1ccccc1.N.N[Na]>>Nc1ccccc1,Nc1ccccc1,0.485505,Y
e-sub,5ee6b2063b3e860001c899ec,5ee6b4a13b3e860001c89b32,Clc1ccccc1.N.N[Na]>>Nc1ccccc1,Nc1ccccc1,0.166322,N
e-sub,5ee6b2063b3e860001c899ec,5ee6b4a13b3e860001c89b32,Clc1ccccc1.N.N[Na]>>Nc1ccccc1,[NH3+]c1ccccc1,0.0360737,N
e-sub,5ee6b2063b3e860001c899ec,5ee6b4a13b3e860001c89b32,Clc1ccccc1.N.N[Na]>>Nc1ccccc1,Nc1ccc(Cl)cc1,0.0232123,N
e-sub,5ee6b2063b3e860001c899ec,5ee6b4a13b3e860001c89b32,Clc1ccccc1.N.N[Na]>>Nc1ccccc1,Nc1ccc(Cl)cc1,0.0000220218,N
robinson,5ee6b5153b3e860001c89b8a,5ee6b51a3b3e860001c89b91,C=CC(=O)CC.CCO.CCOC(=O)C1CCCC1=O.CC[O-]>>CCOC(=O)C12CCCC1=C(C)C(=O)CC2,CCOC(=O)C1(CCC(=O)CC)CCCC1=O,0.358136,N
robinson,5ee6b5153b3e860001c89b8a,5ee6b51a3b3e860001c89b91,C=CC(=O)CC.CCO.CCOC(=O)C1CCCC1=O.CC[O-]>>CCOC(=O)C12CCCC1=C(C)C(=O)CC2,CCOC(=O)C1(CCC(=O)CC)CCCC1=O,0.358136,N
robinson,5ee6b5153b3e860001c89b8a,5ee6b51a3b3e860001c89b91,C=CC(=O)CC.CCO.CCOC(=O)C1CCCC1=O.CC[O-]>>CCOC(=O)C12CCCC1=C(C)C(=O)CC2,CCOC(=O)C12CCCC1=C(O)CC2,0.0293422,N
robinson,5ee6b5153b3e860001c89b8a,5ee6b51a3b3e860001c89b91,C=CC(=O)CC.CCO.CCOC(=O)C1CCCC1=O.CC[O-]>>CCOC(=O)C12CCCC1=C(C)C(=O)CC2,CCOC(=O)C12CCC(C(=O)CC)=C1CCC2,0.027025,N
robinson,5ee6b5153b3e860001c89b8a,5ee6b51a3b3e860001c89b91,C=CC(=O)CC.CCO.CCOC(=O)C1CCCC1=O.CC[O-]>>CCOC(=O)C12CCCC1=C(C)C(=O)CC2,CCOC(=O)C12CCCC1(O)CC2,0.0270248,N
robinson,5ee6b5153b3e860001c89b8a,5ee6b5643b3e860001c89c52,C=CC(C)=O.CC1C(=O)CCCC1=O.O.[OH-]>>CC12CCC(=O)C=C1CCCC2=O,CC(=O)CCC1(C)C(=O)CCCC1=O,0.626435,N
robinson,5ee6b5153b3e860001c89b8a,5ee6b5643b3e860001c89c52,C=CC(C)=O.CC1C(=O)CCCC1=O.O.[OH-]>>CC12CCC(=O)C=C1CCCC2=O,CC1(CCC(C)=O)C(=O)CCCC1=O,0.0451571,N
robinson,5ee6b5153b3e860001c89b8a,5ee6b5643b3e860001c89c52,C=CC(C)=O.CC1C(=O)CCCC1=O.O.[OH-]>>CC12CCC(=O)C=C1CCCC2=O,CC12CCC(=O)C=C1CCC2=O,0.0396411,N
robinson,5ee6b5153b3e860001c89b8a,5ee6b5643b3e860001c89c52,C=CC(C)=O.CC1C(=O)CCCC1=O.O.[OH-]>>CC12CCC(=O)C=C1CCCC2=O,CC1(CCC(=O)O)C(=O)CCCC1=O,0.0303769,N
robinson,5ee6b5153b3e860001c89b8a,5ee6b5643b3e860001c89c52,C=CC(C)=O.CC1C(=O)CCCC1=O.O.[OH-]>>CC12CCC(=O)C=C1CCCC2=O,CC12CCC(=O)C(C)(CC1)C2=O,0.0253045,N
robinson,5ee6b5153b3e860001c89b8a,5ee6b5ad3b3e860001c89c8f,C=CC(C)=O.CCCC(=O)c1ccccc1.O.[OH-]>>CCC1CCC(=O)C=C1c1ccccc1,CCC(CCC(C)=O)C(=O)c1ccccc1,0.19728,N
robinson,5ee6b5153b3e860001c89b8a,5ee6b5ad3b3e860001c89c8f,C=CC(C)=O.CCCC(=O)c1ccccc1.O.[OH-]>>CCC1CCC(=O)C=C1c1ccccc1,CCC1CCC(=O)C=C1c1ccccc1,0.0662298,Y
robinson,5ee6b5153b3e860001c89b8a,5ee6b5ad3b3e860001c89c8f,C=CC(C)=O.CCCC(=O)c1ccccc1.O.[OH-]>>CCC1CCC(=O)C=C1c1ccccc1,CCC1(C(=O)c2ccccc2)CCC(=O)CC1,0.0646145,N
robinson,5ee6b5153b3e860001c89b8a,5ee6b5ad3b3e860001c89c8f,C=CC(C)=O.CCCC(=O)c1ccccc1.O.[OH-]>>CCC1CCC(=O)C=C1c1ccccc1,CCC1CCC(=O)CC1=O,0.0448765,N
robinson,5ee6b5153b3e860001c89b8a,5ee6b5f63b3e860001c89cc5,C/C=C/C(C)=O.O.O=C1CCCCC1.[OH-]>>CC1CC(=O)C=C2CCCCC21,CC1CC(=O)CC2(CCCCC2)O1,0.137469,N
robinson,5ee6b5153b3e860001c89b8a,5ee6b5f63b3e860001c89cc5,C/C=C/C(C)=O.O.O=C1CCCCC1.[OH-]>>CC1CC(=O)C=C2CCCCC21,CC1CC(=O)C=C2CCCCC21,0.092312,Y
robinson,5ee6b5153b3e860001c89b8a,5ee6b5f63b3e860001c89cc5,C/C=C/C(C)=O.O.O=C1CCCCC1.[OH-]>>CC1CC(=O)C=C2CCCCC21,CC(=O)CC1(O)CCCCC1,0.0855508,N
robinson,5ee6b5153b3e860001c89b8a,5ee6b5f63b3e860001c89cc5,C/C=C/C(C)=O.O.O=C1CCCCC1.[OH-]>>CC1CC(=O)C=C2CCCCC21,CC(=O)CC(C)C1CCCCC1=O,0.0432535,N
robinson,5ee6b5153b3e860001c89b8a,5ee6b5f63b3e860001c89cc5,C/C=C/C(C)=O.O.O=C1CCCCC1.[OH-]>>CC1CC(=O)C=C2CCCCC21,CC(=O)CC1CCCCC1=O,0.0339933,N
robinson,5ee6b5153b3e860001c89b8a,5ee6b63e3b3e860001c89cf6,C=CC(C)=O.CC1CCc2ccccc2C1=O.O.[OH-]>>CC12CCC(=O)C=C1c1ccccc1CC2,CC(=O)CCC1(C)CCc2ccccc2C1=O,0.714356,N
robinson,5ee6b5153b3e860001c89b8a,5ee6b63e3b3e860001c89cf6,C=CC(C)=O.CC1CCc2ccccc2C1=O.O.[OH-]>>CC12CCC(=O)C=C1c1ccccc1CC2,CC12CCC(=O)C=C1c1ccccc1CC2,0.0725849,Y
robinson,5ee6b5153b3e860001c89b8a,5ee6b63e3b3e860001c89cf6,C=CC(C)=O.CC1CCc2ccccc2C1=O.O.[OH-]>>CC12CCC(=O)C=C1c1ccccc1CC2,CC1(CCC(C)=O)CCc2ccccc2C1=O,0.0298166,N
robinson,5ee6b5153b3e860001c89b8a,5ee6b63e3b3e860001c89cf6,C=CC(C)=O.CC1CCc2ccccc2C1=O.O.[OH-]>>CC12CCC(=O)C=C1c1ccccc1CC2,CC12CCc3ccccc3C1=CCC(=O)C2,0.014052,N
robinson,5ee6b5153b3e860001c89b8a,5ee6b63e3b3e860001c89cf6,C=CC(C)=O.CC1CCc2ccccc2C1=O.O.[OH-]>>CC12CCC(=O)C=C1c1ccccc1CC2,CC(=O)C1CC2(C)CCc3ccccc3C2=C1,0.000955303,N
robinson,5ee6b5153b3e860001c89b8a,5ee6b6863b3e860001c89d2e,C=C(C)C1CC(=O)C(C)C(=O)C1.C=CC(C)=O.O.[OH-]>>C=C(C)C1CC(=O)C2(C)CCC(=O)C=C2C1,C=C(C)C1CC(=O)C(C)(CCC(C)=O)C(=O)C1,0.26846,N
robinson,5ee6b5153b3e860001c89b8a,5ee6b6863b3e860001c89d2e,C=C(C)C1CC(=O)C(C)C(=O)C1.C=CC(C)=O.O.[OH-]>>C=C(C)C1CC(=O)C2(C)CCC(=O)C=C2C1,C=C(C)C1CC(=O)C(C)C(=O)C1CCC(C)=O,0.0830327,N
robinson,5ee6b5153b3e860001c89b8a,5ee6b6863b3e860001c89d2e,C=C(C)C1CC(=O)C(C)C(=O)C1.C=CC(C)=O.O.[OH-]>>C=C(C)C1CC(=O)C2(C)CCC(=O)C=C2C1,CC(=O)CCC1C(=O)C(C)C(=O)CC1C(C)=O,0.0353461,N
robinson,5ee6b5153b3e860001c89b8a,5ee6b6863b3e860001c89d2e,C=C(C)C1CC(=O)C(C)C(=O)C1.C=CC(C)=O.O.[OH-]>>C=C(C)C1CC(=O)C2(C)CCC(=O)C=C2C1,C=C(C)C1CC(=O)C2(C)CCC(=O)CC2C1,0.0120444,N
robinson,5ee6b5153b3e860001c89b8a,5ee6b6d03b3e860001c89d64,C=CC(C)=O.O.[CH2-]CCC(=O)CCC.[OH-]>>CCCC1=CC(=O)CCC1CC,CCCC(O)(CCC)CCC(C)=O,0.298421,N
robinson,5ee6b5153b3e860001c89b8a,5ee6b6d03b3e860001c89d64,C=CC(C)=O.O.[CH2-]CCC(=O)CCC.[OH-]>>CCCC1=CC(=O)CCC1CC,CCCC(=O)CCC(=O)CCC,0.101585,N
robinson,5ee6b5153b3e860001c89b8a,5ee6b6d03b3e860001c89d64,C=CC(C)=O.O.[CH2-]CCC(=O)CCC.[OH-]>>CCCC1=CC(=O)CCC1CC,CCCC(=O)CCC(C)(O)CCC,0.100703,N
robinson,5ee6b5153b3e860001c89b8a,5ee6b6d03b3e860001c89d64,C=CC(C)=O.O.[CH2-]CCC(=O)CCC.[OH-]>>CCCC1=CC(=O)CCC1CC,CCCC(=O)CCC(C)(O)CC,0.0840773,N
robinson,5ee6b5153b3e860001c89b8a,5ee6b6d03b3e860001c89d64,C=CC(C)=O.O.[CH2-]CCC(=O)CCC.[OH-]>>CCCC1=CC(=O)CCC1CC,CCCC1(CCC)CCC(C)(O)O1,0.038649,N
robinson,5ee6b5153b3e860001c89b8a,5ee6b7183b3e860001c89d88,C=CC(C)=O.O.O=C1CCc2ccccc2C1.[OH-]>>O=C1C=C2Cc3ccccc3CC2CC1,CC(=O)CCC1C(=O)CCc2ccccc21,0.206476,N
robinson,5ee6b5153b3e860001c89b8a,5ee6b7183b3e860001c89d88,C=CC(C)=O.O.O=C1CCc2ccccc2C1.[OH-]>>O=C1C=C2Cc3ccccc3CC2CC1,O=C1CCC2=C(Cc3ccccc3C2)C1,0.0619478,N
robinson,5ee6b5153b3e860001c89b8a,5ee6b7183b3e860001c89d88,C=CC(C)=O.O.O=C1CCc2ccccc2C1.[OH-]>>O=C1C=C2Cc3ccccc3CC2CC1,O=C1CCC2=C(CC1)Cc1ccccc1C2,0.052219,N
robinson,5ee6b5153b3e860001c89b8a,5ee6b7183b3e860001c89d88,C=CC(C)=O.O.O=C1CCc2ccccc2C1.[OH-]>>O=C1C=C2Cc3ccccc3CC2CC1,O=C1CCC2=C(Cc3ccccc32)C1,0.020706,N
robinson,5ee6b5153b3e860001c89b8a,5ee6b7183b3e860001c89d88,C=CC(C)=O.O.O=C1CCc2ccccc2C1.[OH-]>>O=C1C=C2Cc3ccccc3CC2CC1,O=C1CCC2=C(Cc3ccccc3C2)C1=O,0.00219152,N
robinson,5ee6b5153b3e860001c89b8a,5ee6b7603b3e860001c89da5,O=C1C=CC2(CC=CCC2C1)C.C=CC(CC)=O.O.[OH-]>>CC3=C4C=CC5(CC=CCC5C4CCC3=O)C,CCC(=O)CCC1(C)C=CC2(C)CC=CCC2C1,0.106918,N
robinson,5ee6b5153b3e860001c89b8a,5ee6b7603b3e860001c89da5,O=C1C=CC2(CC=CCC2C1)C.C=CC(CC)=O.O.[OH-]>>CC3=C4C=CC5(CC=CCC5C4CCC3=O)C,C=C1C=CC2(C)CC3OC3CC2C1,0.0536887,N
robinson,5ee6b5153b3e860001c89b8a,5ee6b7603b3e860001c89da5,O=C1C=CC2(CC=CCC2C1)C.C=CC(CC)=O.O.[OH-]>>CC3=C4C=CC5(CC=CCC5C4CCC3=O)C,CCC(=O)CCC1CC2CC(=O)C=CC21C,0.0293427,N
robinson,5ee6b5153b3e860001c89b8a,5ee6b7603b3e860001c89da5,O=C1C=CC2(CC=CCC2C1)C.C=CC(CC)=O.O.[OH-]>>CC3=C4C=CC5(CC=CCC5C4CCC3=O)C,C=C1C=CC2(C)CC=CCC2C1,0.0229321,N
robinson,5ee6b5153b3e860001c89b8a,5ee6b7603b3e860001c89da5,O=C1C=CC2(CC=CCC2C1)C.C=CC(CC)=O.O.[OH-]>>CC3=C4C=CC5(CC=CCC5C4CCC3=O)C,CCC(=O)CCC1(C)C=CC2=CCC2C1,0.00354574,N
robinson,5ee6b5153b3e860001c89b8a,5ee6b7a73b3e860001c89dd5,CCC(C)=O.COc1cccc2c1CCC(=O)C2C.O.[OH-]>>COc1cccc2c1CCC1=CC(=O)CCC12C,COc1cccc2c(C)c(O)ccc12,0.0912836,N
robinson,5ee6b5153b3e860001c89b8a,5ee6b7a73b3e860001c89dd5,CCC(C)=O.COc1cccc2c1CCC(=O)C2C.O.[OH-]>>COc1cccc2c1CCC1=CC(=O)CCC12C,COc1cccc2c1CCC(=O)C2(C)C,0.0599321,N
robinson,5ee6b5153b3e860001c89b8a,5ee6b7a73b3e860001c89dd5,CCC(C)=O.COc1cccc2c1CCC(=O)C2C.O.[OH-]>>COc1cccc2c1CCC1=CC(=O)CCC12C,CCC1=C(C)c2cccc(OC)c2CC1,0.0482491,N
robinson,5ee6b5153b3e860001c89b8a,5ee6b7a73b3e860001c89dd5,CCC(C)=O.COc1cccc2c1CCC(=O)C2C.O.[OH-]>>COc1cccc2c1CCC1=CC(=O)CCC12C,COc1cccc2c1CCC(O)C2C,0.030366,N
robinson,5ee6b5153b3e860001c89b8a,5ee6b7a73b3e860001c89dd5,CCC(C)=O.COc1cccc2c1CCC(=O)C2C.O.[OH-]>>COc1cccc2c1CCC1=CC(=O)CCC12C,COc1cccc2c1CCC(=O)C2(C)O,0.023375,N
amine,5ee6b7fc3b3e860001c89e00,5ee6b8013b3e860001c89e06,C[N]C1C(=O)c2ccccc2C1=O.O.[OH-]>>CCN,CNC1C(=O)c2ccccc2C1=O,0.118068,N
amine,5ee6b7fc3b3e860001c89e00,5ee6b8013b3e860001c89e06,C[N]C1C(=O)c2ccccc2C1=O.O.[OH-]>>CCN,CN[C@H]1C(=O)c2ccccc2C1=O,0.109512,N
amine,5ee6b7fc3b3e860001c89e00,5ee6b8013b3e860001c89e06,C[N]C1C(=O)c2ccccc2C1=O.O.[OH-]>>CCN,CNC1Cc2ccccc2C1,0.0507679,N
amine,5ee6b7fc3b3e860001c89e00,5ee6b8013b3e860001c89e06,C[N]C1C(=O)c2ccccc2C1=O.O.[OH-]>>CCN,CNC1C(=O)c2ccccc2C1=O,0.0463955,N
amine,5ee6b7fc3b3e860001c89e00,5ee6b8013b3e860001c89e06,C[N]C1C(=O)c2ccccc2C1=O.O.[OH-]>>CCN,CNC1=C(O)c2ccccc2C1=O,0.0366576,N
amine,5ee6b7fc3b3e860001c89e00,5ee6b8483b3e860001c89e28,CCC#N.O.[AlH4-].[Li+]>>CCN,CCCN,0.999016,N
amine,5ee6b7fc3b3e860001c89e00,5ee6b8483b3e860001c89e28,CCC#N.O.[AlH4-].[Li+]>>CCN,CCCN,0.000498638,N
amine,5ee6b7fc3b3e860001c89e00,5ee6b8483b3e860001c89e28,CCC#N.O.[AlH4-].[Li+]>>CCN,NCCCO,0.000121784,N
amine,5ee6b7fc3b3e860001c89e00,5ee6b8483b3e860001c89e28,CCC#N.O.[AlH4-].[Li+]>>CCN,CC(C)N,0.0000334595,N
amine,5ee6b7fc3b3e860001c89e00,5ee6b8483b3e860001c89e28,CCC#N.O.[AlH4-].[Li+]>>CCN,CCN,0.0000259724,Y
amine,5ee6b7fc3b3e860001c89e00,5ee6b8923b3e860001c89e43,CC(=O)Cc1ccccc1.CCCCN.[BH3-]C#N.[Na+]>>CCCCNC(C)Cc1ccccc1,CCCCNC(C)Cc1ccccc1,0.970491,Y
amine,5ee6b7fc3b3e860001c89e00,5ee6b8923b3e860001c89e43,CC(=O)Cc1ccccc1.CCCCN.[BH3-]C#N.[Na+]>>CCCCNC(C)Cc1ccccc1,CC(N)Cc1ccccc1,0.00683375,N
amine,5ee6b7fc3b3e860001c89e00,5ee6b8923b3e860001c89e43,CC(=O)Cc1ccccc1.CCCCN.[BH3-]C#N.[Na+]>>CCCCNC(C)Cc1ccccc1,CCCCNCCc1ccccc1,0.00178938,N
amine,5ee6b7fc3b3e860001c89e00,5ee6b8923b3e860001c89e43,CC(=O)Cc1ccccc1.CCCCN.[BH3-]C#N.[Na+]>>CCCCNC(C)Cc1ccccc1,CC(Cc1ccccc1)NC1CC1,0.000219903,N
amine,5ee6b7fc3b3e860001c89e00,5ee6b8923b3e860001c89e43,CC(=O)Cc1ccccc1.CCCCN.[BH3-]C#N.[Na+]>>CCCCNC(C)Cc1ccccc1,CC(Cc1ccccc1)NC(C)C,0.0000697795,N
amine,5ee6b7fc3b3e860001c89e00,5ee6b8da3b3e860001c89e67,CC(=O)Cl.Cc1ccc(N)cc1>>CC(=O)Nc1ccc(C)cc1,CC(=O)Nc1ccc(C)cc1,0.993117,Y
amine,5ee6b7fc3b3e860001c89e00,5ee6b8da3b3e860001c89e67,CC(=O)Cl.Cc1ccc(N)cc1>>CC(=O)Nc1ccc(C)cc1,CC(=O)Nc1ccccc1,0.00135922,N
amine,5ee6b7fc3b3e860001c89e00,5ee6b8da3b3e860001c89e67,CC(=O)Cl.Cc1ccc(N)cc1>>CC(=O)Nc1ccc(C)cc1,CCNc1ccc(C)cc1,0.000598827,N
amine,5ee6b7fc3b3e860001c89e00,5ee6b8da3b3e860001c89e67,CC(=O)Cl.Cc1ccc(N)cc1>>CC(=O)Nc1ccc(C)cc1,CC(=O)c1cc(C)ccc1N,0.000521527,N
amine,5ee6b7fc3b3e860001c89e00,5ee6b8da3b3e860001c89e67,CC(=O)Cl.Cc1ccc(N)cc1>>CC(=O)Nc1ccc(C)cc1,Cc1ccc(NC(C)=O)cc1,0.000369015,N
amine,5ee6b7fc3b3e860001c89e00,5ee6b9223b3e860001c89e85,Cl.O=[N+]([O-])c1ccc(Br)cc1.[Sn]>>Nc1ccc(Br)cc1,Nc1ccc(Br)cc1,0.98705,Y
amine,5ee6b7fc3b3e860001c89e00,5ee6b9223b3e860001c89e85,Cl.O=[N+]([O-])c1ccc(Br)cc1.[Sn]>>Nc1ccc(Br)cc1,Nc1ccc(Br)cc1,0.00974956,N
amine,5ee6b7fc3b3e860001c89e00,5ee6b9223b3e860001c89e85,Cl.O=[N+]([O-])c1ccc(Br)cc1.[Sn]>>Nc1ccc(Br)cc1,Nc1ccccc1Br,0.000437905,N
amine,5ee6b7fc3b3e860001c89e00,5ee6b9223b3e860001c89e85,Cl.O=[N+]([O-])c1ccc(Br)cc1.[Sn]>>Nc1ccc(Br)cc1,Nc1cccc(Br)c1,0.000333966,N
amine,5ee6b7fc3b3e860001c89e00,5ee6b9223b3e860001c89e85,Cl.O=[N+]([O-])c1ccc(Br)cc1.[Sn]>>Nc1ccc(Br)cc1,ONc1ccc(Br)cc1,0.000281362,N
amine,5ee6b7fc3b3e860001c89e00,5ee6b96b3b3e860001c89ea0,Cl.Nc1ccc([N+](=O)[O-])cc1.O=N[O-].[Na+]>>N#[N+]c1ccc([N+](=O)[O-])cc1.[Cl-],NNc1ccc([N+](=O)[O-])cc1,0.278487,N
amine,5ee6b7fc3b3e860001c89e00,5ee6b96b3b3e860001c89ea0,Cl.Nc1ccc([N+](=O)[O-])cc1.O=N[O-].[Na+]>>N#[N+]c1ccc([N+](=O)[O-])cc1.[Cl-],O=[N+]([O-])c1ccc(Cl)cc1,0.267878,N
amine,5ee6b7fc3b3e860001c89e00,5ee6b96b3b3e860001c89ea0,Cl.Nc1ccc([N+](=O)[O-])cc1.O=N[O-].[Na+]>>N#[N+]c1ccc([N+](=O)[O-])cc1.[Cl-],NNc1ccc([N+](=O)[O-])cc1,0.23621,N
amine,5ee6b7fc3b3e860001c89e00,5ee6b96b3b3e860001c89ea0,Cl.Nc1ccc([N+](=O)[O-])cc1.O=N[O-].[Na+]>>N#[N+]c1ccc([N+](=O)[O-])cc1.[Cl-],[NH3+]Nc1ccc([N+](=O)[O-])cc1,0.0224267,N
amine,5ee6b7fc3b3e860001c89e00,5ee6b96b3b3e860001c89ea0,Cl.Nc1ccc([N+](=O)[O-])cc1.O=N[O-].[Na+]>>N#[N+]c1ccc([N+](=O)[O-])cc1.[Cl-],N#[N+]c1ccc([N+](=O)[O-])cc1,0.00025084,N
amine,5ee6b7fc3b3e860001c89e00,5ee6bd5f3b3e860001c89f93,N#[N+]c1ccc([N+](=O)[O-])cc1.Oc1ccc2ccccc2c1.[Cl-]>>O=[N+]([O-])c1ccc(/N=N/c2c(O)ccc3ccccc23)cc1,O=[N+]([O-])c1ccc(N=Nc2c(O)ccc3ccccc23)cc1,0.243712,N
amine,5ee6b7fc3b3e860001c89e00,5ee6bd5f3b3e860001c89f93,N#[N+]c1ccc([N+](=O)[O-])cc1.Oc1ccc2ccccc2c1.[Cl-]>>O=[N+]([O-])c1ccc(/N=N/c2c(O)ccc3ccccc23)cc1,O=[N+]([O-])c1ccc(NNc2c(O)ccc3ccccc23)cc1,0.145761,N
amine,5ee6b7fc3b3e860001c89e00,5ee6bd5f3b3e860001c89f93,N#[N+]c1ccc([N+](=O)[O-])cc1.Oc1ccc2ccccc2c1.[Cl-]>>O=[N+]([O-])c1ccc(/N=N/c2c(O)ccc3ccccc23)cc1,O=[N+]([O-])c1ccc(/N=N/c2c(O)ccc3ccccc23)cc1,0.137181,Y
amine,5ee6b7fc3b3e860001c89e00,5ee6bd5f3b3e860001c89f93,N#[N+]c1ccc([N+](=O)[O-])cc1.Oc1ccc2ccccc2c1.[Cl-]>>O=[N+]([O-])c1ccc(/N=N/c2c(O)ccc3ccccc23)cc1,O=[N+]([O-])c1ccc([N+](=O)[O-])cc1,0.0453246,N
amine,5ee6b7fc3b3e860001c89e00,5ee6bd5f3b3e860001c89f93,N#[N+]c1ccc([N+](=O)[O-])cc1.Oc1ccc2ccccc2c1.[Cl-]>>O=[N+]([O-])c1ccc(/N=N/c2c(O)ccc3ccccc23)cc1,O=[N+]([O-])c1ccc([N+](=O)[O-])cc1,0.00344459,N
amine,5ee6b7fc3b3e860001c89e00,5ee6bda63b3e860001c89fb1,Cl.c1cnc2cc3c(cc2n1)C1CNCC3C1>>c1cnc2cc3c(cc2n1)C1C[NH2+]CC3C1,c1cnc2cc3c(cc2n1)C1CNCC3C1,0.601838,N
amine,5ee6b7fc3b3e860001c89e00,5ee6bda63b3e860001c89fb1,Cl.c1cnc2cc3c(cc2n1)C1CNCC3C1>>c1cnc2cc3c(cc2n1)C1C[NH2+]CC3C1,c1cnc2cc3c(cc2n1)C1CNCC3C1,0.209923,N
amine,5ee6b7fc3b3e860001c89e00,5ee6bda63b3e860001c89fb1,Cl.c1cnc2cc3c(cc2n1)C1CNCC3C1>>c1cnc2cc3c(cc2n1)C1C[NH2+]CC3C1,Clc1cnc2cc3c(cc2n1)C1CNCC3C1,0.0296522,N
amine,5ee6b7fc3b3e860001c89e00,5ee6bdee3b3e860001c89fd4,CCCN.O=CCc1ccccc1>>CCCNCCc1ccccc1,CCCNCCc1ccccc1,0.831169,Y
amine,5ee6b7fc3b3e860001c89e00,5ee6bdee3b3e860001c89fd4,CCCN.O=CCc1ccccc1>>CCCNCCc1ccccc1,CCC/N=C/Cc1ccccc1,0.0624523,N
amine,5ee6b7fc3b3e860001c89e00,5ee6bdee3b3e860001c89fd4,CCCN.O=CCc1ccccc1>>CCCNCCc1ccccc1,CCCN=CCc1ccccc1,0.0589169,N
amine,5ee6b7fc3b3e860001c89e00,5ee6bdee3b3e860001c89fd4,CCCN.O=CCc1ccccc1>>CCCNCCc1ccccc1,CCC/N=C\Cc1ccccc1,0.00600627,N
amine,5ee6b7fc3b3e860001c89e00,5ee6bdee3b3e860001c89fd4,CCCN.O=CCc1ccccc1>>CCCNCCc1ccccc1,CCC/N=C/c1ccccc1,0.00494188,N
amine,5ee6b7fc3b3e860001c89e00,5ee6be373b3e860001c89ff4,CCCCCCC(C)N.CI.[Ag+].[Ag+].[O-2]>>C=CCCCCCC,CCCCCCC(C)NC,0.908794,N
amine,5ee6b7fc3b3e860001c89e00,5ee6be373b3e860001c89ff4,CCCCCCC(C)N.CI.[Ag+].[Ag+].[O-2]>>C=CCCCCCC,CCCCCCC(C)NC,0.0238586,N
amine,5ee6b7fc3b3e860001c89e00,5ee6be373b3e860001c89ff4,CCCCCCC(C)N.CI.[Ag+].[Ag+].[O-2]>>C=CCCCCCC,CCCCCCC(C)/N=C/C,0.00931807,N
amine,5ee6b7fc3b3e860001c89e00,5ee6be373b3e860001c89ff4,CCCCCCC(C)N.CI.[Ag+].[Ag+].[O-2]>>C=CCCCCCC,CCCCCCC(C)N(C)C,0.00350394,N
amine,5ee6b7fc3b3e860001c89e00,5ee6be373b3e860001c89ff4,CCCCCCC(C)N.CI.[Ag+].[Ag+].[O-2]>>C=CCCCCCC,CCCCCCC(C)NC,0.00345319,N